AddressId,Name,Surname,Company,Street,City,County,Postcode,Phone,Email
d8e8ff9e-e2e3-473f-8601-e2f6f4665175,Aleshia,Tomkiewicz,Alan D Rosenburg Cpa Pc,14 Taylor St,St. Stephens Ward,Kent,CT2 7PP,01835-703597,atomkiewicz@hotmail.com
66e93bb6-6068-440a-87d0-290afcc7d24b,Evan,Zigomalas,Cap Gemini America,5 Binney St,Abbey Ward,Buckinghamshire,HP11 2AX,01937-864715,evan.zigomalas@gmail.com
9501100f-1e84-4c3f-96bc-6f0e7a1088ed,France,Andrade,"Elliott, John W Esq",8 Moor Place,East Southbourne and Tuckton W,Bournemouth,BH6 3BE,01347-368222,france.andrade@hotmail.com
cc3f8d7e-d300-4fc2-8c23-d9289148854b,Ulysses,Mcwalters,"Mcmahan, Ben L",505 Exeter Rd,Hawerby cum Beesby,Lincolnshire,DN36 5RP,01912-771311,ulysses@hotmail.com
d37a2721-5272-401b-9ca8-2edcb8034fc0,Tyisha,Veness,Champagne Room,5396 Forth Street,Greets Green and Lyng Ward,West Midlands,B70 9DT,01547-429341,tyisha.veness@hotmail.com
357aab23-05e1-432b-9d19-e394eaebe7c0,Eric,Rampy,"Thompson, Michael C Esq",9472 Lind St,Desborough,Northamptonshire,NN14 2GH,01969-886290,erampy@rampy.co.uk
a15d396c-4f0a-46b3-bfb5-5a5ed1105b18,Marg,Grasmick,Wrangle Hill Auto Auct & Slvg,7457 Cowl St #70,Bargate Ward,Southampton,SO14 3TY,01865-582516,marg@hotmail.com
18e020cb-25df-4654-8791-2a0a0386e53d,Laquita,Hisaw,In Communications Inc,20 Gloucester Pl #96,Chirton Ward,Tyne & Wear,NE29 7AD,01746-394243,laquita@yahoo.com
843ede7d-83e5-45e7-8167-ea4943b1601b,Lura,Manzella,Bizerba Usa Inc,929 Augustine St,Staple Hill Ward,South Gloucestershire,BS16 4LL,01907-538509,lura@hotmail.com
c5e509fc-fbad-45f8-8b31-d8845266fc7a,Yuette,Klapec,Max Video,45 Bradfield St #166,Parwich,Derbyshire,DE6 1QN,01903-649460,yuette.klapec@klapec.co.uk
f20c1e73-659f-441a-97ea-05555126959c,Fernanda,Writer,K & R Associates Inc,620 Northampton St,Wilmington,Kent,DA2 7PP,01630-202053,fernanda@writer.co.uk
235ef177-25ca-4985-91d6-637e6e311c82,Charlesetta,Erm,"Cain, John M Esq",5 Hygeia St,Loundsley Green Ward,Derbyshire,S40 4LY,01276-816806,charlesetta_erm@gmail.com
a311c5a3-15c7-4eaf-8da8-3c49ba7edd6a,Corrinne,Jaret,Sound Vision Corp,2150 Morley St,Dee Ward,Dumfries and Galloway,DG8 7DE,01625-932209,corrinne_jaret@gmail.com
40f123ea-4be2-40a5-b475-b233afb450c2,Niesha,Bruch,Rowley/hansell Petetin,24 Bolton St,"Broxburn, Uphall and Winchburg",West Lothian,EH52 5TL,01874-856950,niesha.bruch@yahoo.com
aac0f778-2831-4c29-afb0-9171f4b81d4f,Rueben,Gastellum,Industrial Engineering Assocs,4 Forrest St,Weston-Super-Mare,North Somerset,BS23 3HG,01976-755279,rueben_gastellum@gastellum.co.uk
74dca4c0-025c-4813-b8d4-9992cd5dc594,Michell,Throssell,Weiss Spirt & Guyer,89 Noon St,Carbrooke,Norfolk,IP25 6JQ,01967-580851,mthrossell@throssell.co.uk
e86424eb-f0ee-4639-a882-32ce1914fb1f,Edgar,Kanne,"Crowan, Kenneth W Esq",99 Guthrie St,New Milton,Hampshire,BH25 5DF,01326-532337,edgar.kanne@yahoo.com
0aa1c5f5-01a0-4e8c-b0b9-4e3dcfba7f28,Dewitt,Julio,Rittenhouse Motor Co,7 Richmond St,Parkham,Devon,EX39 5DJ,01253-528327,dewitt.julio@hotmail.com
08ee933f-2c17-411f-936a-eeb93e7b679b,Charisse,Spinello,Modern Plastics Corp,9165 Primrose St,Darnall Ward,"Yorkshire, South",S4 7WN,01719-831436,charisse_spinello@spinello.co.uk
ee44f0c1-aa1f-4c0a-afe1-6f0d9e172514,Mee,Lapinski,Galloway Electric Co Inc,9 Pengwern St,Marldon,Devon,TQ3 1SA,01578-287816,mee.lapinski@yahoo.com
93855f6c-fc99-4ffd-840d-446b3c0a1a20,Peter,Gutierres,Niagara Custombuilt Mfg Co,4410 Tarlton St,Prestatyn Community,Denbighshire,LL19 9EG,01842-767201,peter_gutierres@yahoo.com
e7586a0a-81e8-4631-a39a-2b135e61090b,Octavio,Salvadore,Practical Periphrals,6949 Bourne St,Lye and Stourbridge North Ward,West Midlands,DY5 2QP,01552-709248,octavio.salvadore@yahoo.com
45d7e10a-4508-41af-83d7-cd857bba431c,Martha,Teplica,"Curtin, Patricia M Esq",148 Rembrandt St,Warlingham,Surrey,CR6 9SW,01677-684257,mteplica@teplica.co.uk
4bafc638-cb63-4d15-bca2-daabf8a2ba2f,Tamesha,Veigel,"Wilhelm, James E Jr",2200 Nelson St #58,Newport,Isle of Wight,PO30 5AL,01217-342071,tveigel@veigel.co.uk
b027e1c6-90ea-476a-85a2-79740b42d33d,Tess,Sitra,Smart Signs,61 Rossett St,Chichester,West Sussex,PO19 1RH,01473-229124,tess_sitra@hotmail.com
3b6cd9b5-16a0-40df-858a-db879f3c3e1a,Leonard,Kufner,Arctic Star Distributing Inc,41 Canning St,Steornabhagh a Deas Ward,Western Isles,HS1 2PZ,01230-623547,lkufner@kufner.co.uk
e6d588ee-7e08-46be-a42b-54cc66ab756e,Svetlana,Tauras,"Lensbower, Gregory L Esq",8289 Cadogan St,South Ward,North Eart Lincolnshire,DN33 1AU,01781-827317,svetlana_tauras@tauras.co.uk
6b90f5a9-c145-4747-8659-a32aa41eaeb5,Pok,Molaison,Portal Metal Products,211 Hobart St,Newquay,Cornwall,TR7 1LS,01866-248660,pok@yahoo.com
d7225506-1c10-4f1d-a043-65e8f8f7a94d,Augustine,Growcock,"Lynema, Cliff Cpa",114 Falkland St #8845,Brimpton,Berkshire,RG7 4RF,01541-802635,augustine.growcock@growcock.co.uk
2368a2ba-25b6-4678-bc47-2c6b9e67bdf0,Karma,Quarto,J C S Machinery,1 Birkett St,Shard End Ward,West Midlands,B33 0NH,01857-864722,kquarto@gmail.com
f0b72b4a-1b00-4f66-a935-00223402551e,Reed,Weisinger,"Berick, Joseph G Esq",5147 Blackstone St,Letchworth South West Ward,Hertfordshire,SG6 3LE,01243-678286,reed_weisinger@yahoo.com
157dbb59-6e6a-4104-8ad6-db209adb22aa,German,Zelaya,Jackson & Heit Machine Co Inc,7 Shenstone St,Longhill Ward,"Yorkshire, East (North Humbers",HU8 9PZ,01400-269033,german@hotmail.com
e68123cd-99a9-4a5b-b79d-30d0d101a71b,Milly,Savidge,Bridgeway Plan For Health,129 Alexander Pope St,Franche Ward,Hereford and Worcester,DY11 9BW,01702-725589,milly@gmail.com
8b491ef8-48b4-4c34-b532-b5efb0076ced,Luis,Ear,Wa Inst For Plcy Studies,2 Birchfield Rd,Whittington,Shropshire,SY11 4PH,01462-648669,luis@hotmail.com
ccad8e2a-4c29-4434-a980-311bbb638e53,Ciara,Cobbley,Wmgl 101.7 Fm,7523 Kempton Rd,Cockerton West Ward,Darlington,DL3 0JF,01235-647932,ciara_cobbley@hotmail.com
3b801777-e516-4b65-bf8a-b07cf35da690,Alethea,Mould,"Hughlett, Henry T Jr",6305 Elstow St,Castle Ward,West Sussex,BN12 6PR,01662-114247,alethea@hotmail.com
f4934b1d-1fff-4339-99e5-401b88914ed0,Margurite,Loperfido,Penrose Place Pharmacy Inc,218 Greenbank Drive,Devizes,Wiltshire,SN10 3DU,01407-866759,mloperfido@gmail.com
66d148fe-f035-4eea-a376-04f3ec56fb68,Vernice,Sperazza,"Novak, Alan Paul Esq",8921 Forge St,Colnbrook with Poyle,Buckinghamshire,SL3 0PY,01822-563044,vernice@yahoo.com
af1e44cf-dc55-4110-8f86-38ebcefe18b5,Vicente,Rawicki,B & S Tool And Cutter Svc Inc,3060 St Ambrose Grove #261,Aldridge Central and South War,West Midlands,WS9 8UR,01327-770774,vicente_rawicki@hotmail.com
d48e2a7b-3cd3-488f-9370-dee69cd9048e,Craig,Cua,"Berry, John M Esq",8388 Bessemer St #5,East Putney Ward,Greater London,SW15 2RP,01483-418969,craig@hotmail.com
0a502ba6-79bb-409c-bc48-418c9729240c,Jenise,Dulle,"Alden, Michael H Esq",87 Pownall Sq,Sawston,Cambridgeshire,CB22 3BB,01709-854691,jenise.dulle@hotmail.com
bbbf3e69-92ff-45cc-bcaf-d5c8fcb5ff08,Marylin,Cornelison,Ernest E Heuer & Company Pc,39 Wye St,Wakefield North Ward,West Yorkshire,WF1 1DR,01609-882184,marylin_cornelison@yahoo.com
3ba28f3f-b573-4499-b78a-2bd9553303a9,Marget,Gunst,"Frankel, Stephen",2732 Bostock St #1,St. Enoder,Cornwall,TR9 6NJ,01693-310794,mgunst@yahoo.com
babc47ad-3d76-4f26-9d53-d5e74b502bee,Annett,Bunselmeyer,Guynes Design Inc,5562 Fairfield St #847,Ryde,Isle of Wight,PO33 1HH,01891-702579,abunselmeyer@hotmail.com
5d049097-e5de-4d92-9b0a-b132fecadb86,Kip,Turziano,General Appraisal Co,37 Meadow St,Laindon Park Ward,Essex,SS15 6LE,01850-347846,kip.turziano@yahoo.com
74be8fab-7fc6-4156-9895-20ac9a141811,Melina,Orizabal,Sheraton Inn Ocean Front,3 Nevison St,Lymington and Pennington,Hampshire,SO41 1DL,01420-307327,melina@gmail.com
377979c2-5e78-4073-8460-600d95ae9526,Tina,Clapham,Cooper Myers Y Co,5662 William Moult St,Aylesbury,Buckinghamshire,HP21 8PP,01567-296442,tclapham@gmail.com
321028b4-8ad9-4f85-92a2-0df39da449f8,Luisa,Devereux,Cash 4 Checks,3 North View #35,"Burmantofts and Richmond Hill ",West Yorkshire,LS9 7JH,01607-269930,ldevereux@gmail.com
b8dec007-555d-495a-b9b5-7ce2e9e0be61,Pedro,Aschoff,Charlotte Chamber,135 Opie St,Howard Town Ward,Derbyshire,SK13 8BB,01386-981141,paschoff@yahoo.com
0dbbdf47-33a2-467f-b609-ae828b055968,Carrol,Kunimitsu,Kisc 98 Kiss Fm,1 Askew St,Farnham,Surrey,GU9 9AS,01260-641258,carrol_kunimitsu@yahoo.com
6602d0a9-8902-4ca8-8977-80fd3637e885,Alba,Mosseri,"Schwartzbard, Gail L Esq",4 Burnall St,Beeston West Ward,Nottinghamshire,NG9 1AE,01543-198690,alba@gmail.com
b71420a7-9490-48b5-930d-cd0a7234e758,Domonique,Sandlin,Marketing Horizons Inc,95 Denton St,Wollaton West Ward,Nottinghamshire,NG8 2NB,01355-500797,domonique@hotmail.com
8573b150-7226-4542-9f40-ad902dfb5641,Rory,Neufville,"Brady, Brad J Esq",5 Chadwick St #7,Llangeler Community,Ceredigion,SA44 5HF,01252-621329,rory_neufville@neufville.co.uk
7476b716-7029-489b-b031-1725c83b0d41,Dustin,Klingaman,Welders Supply,67 Micawber St,Brockley Ward,Greater London,SE14 6RQ,01712-135466,dklingaman@gmail.com
88dcef12-7ca6-40d6-9306-34ab701ba31b,Lyndia,Moonshower,Bomarko Inc,43 Williamson St #7995,Meads Ward,East Sussex,BN20 7HB,01469-300335,lyndia_moonshower@moonshower.co.uk
2c7affeb-b47f-444f-a58f-9a644e4b9bdd,Jules,Hiltner,"Benitez, Brigida Esq",5 Howe St,"Broxburn, Uphall and Winchburg",West Lothian,EH52 6NF,01428-343825,jules@yahoo.com
775b684d-6cdc-4436-9955-6fdc390a779d,Dong,Kopczynski,Kennedy Scales Inc,7 Cheapside #9,St. Ive,Cornwall,PL14 5PA,01770-129032,dkopczynski@kopczynski.co.uk
3724291b-5b58-4ca1-b98f-33d55efab569,Justine,Salta,Barajas & Bustamante Archl,85 Bridgewater St,Shard End Ward,West Midlands,B34 7BP,01689-253476,justine_salta@yahoo.com
40441b19-9075-4166-96e3-3d13cc454335,Chantay,Kamens,Brewster Wallcoverings Co,763 Parkfield Rd,Norton Canes,Staffordshire,WS11 9RH,01823-383806,ckamens@hotmail.com
606dbab9-4a36-4417-b9c6-f8920f62138f,Tequila,Chisum,Bohs Well Drilling Inc,662 Grove Park,Bulwell Ward,Nottinghamshire,NG6 8RG,01835-634521,tequila.chisum@chisum.co.uk
cae47910-8d79-44a1-82ae-66f4e6228ea1,Maybelle,Consolazio,"Gavin, Lee W Esq",5410 Lawton St,Treorchy Community,Rhondda Cynon Taff,CF42 6PL,01383-647035,mconsolazio@yahoo.com
b990dc48-db2b-4daf-97bf-6898a2f7fc1f,Margarett,Bairo,"Reid, Carleton B Esq",3 August Rd,Maybury and Sheerwater Ward,Surrey,GU21 5QL,01670-813697,margarett@gmail.com
8d9cc196-bf8a-4bd0-a207-27e2e372e71b,Janessa,Noonon,"Canterbury, Christopher C",476 Starkie St,Westgate Ward,Gloucestershire,GL1 1QW,01472-324699,jnoonon@yahoo.com
2a99b8d8-43e5-40f4-8b6a-51005af3ba2f,Sol,Cowser,Omni Mandalay,6448 Tillard St,Conisbrough and Denaby Ward,South Yorkshire,DN12 4JF,01412-528394,sol@gmail.com
c14a6c3d-3030-4986-9053-90c8f4808956,Louann,Smethers,Lba Savings Bank,3055 Creswick St,Newbold and Brownsover Ward,Warwickshire,CV21 1LN,01670-234959,louann@gmail.com
814db296-c224-4016-b3e6-125ec9ff8512,Lindsay,Yadao,"Lutz, Christopher T Esq",7 Jolliffe St,Middlewich,Cheshire,CW10 9GB,01947-566661,lindsay_yadao@yadao.co.uk
6d03228f-d176-427e-b12a-dea31959c39c,Malika,Hanton,Association Of Art Museum Dir,1175 Greig St,St. Marys Ward,Greater Manchester,M25 0ZN,01532-497454,malika@gmail.com
f1600f2b-18a0-4bea-8919-00870304af18,Stefany,Ferenz,L & L Sales Co Inc,636 Portland Place,Gresham Ward,Middlesbrough,TS1 4RG,01743-977277,stefany@hotmail.com
71821fd8-4764-4ac6-9c2f-ad9eee8de2be,Abraham,Cratch,"Cavuto, John A",41 Benedict St,Aldborough Ward,Greater London,IG2 7QG,01599-245408,acratch@gmail.com
384f0cca-9ab7-4c70-a344-b1a6891ce391,Giuseppe,Rohaley,Pacific Coast Packaging,62 Margaret St,Royal Hospital Ward,Greater London,SW3 4ND,01345-400452,giuseppe@yahoo.com
2dc1c72c-bd19-4b3d-9766-d97948e6a5f3,Kiera,Bassil,Storm Eye Institute,5152 Sophia St,Woodstock Ward,South Gloucestershire,BS15 8DS,01655-519837,kbassil@bassil.co.uk
bc54506c-88de-4a48-82d0-949b618cd952,Wendell,Rubano,Automation Engrg & Mfg Inc,1 Back Canning St,Dunblane and Bridge of Allan W,Stirling,FK9 4LD,01837-530939,wendell_rubano@hotmail.com
c44f0d38-1ea2-4ac7-b255-df0f320c1c9c,Stevie,Stifflemire,Packaging Corp Of America,9 Gradwell St,Kempshott Ward,Hampshire,RG22 5HA,01262-808399,stevie_stifflemire@stifflemire.co.uk
74a15bde-28f5-4110-969a-615d0b4f40f7,Yun,Paletta,"Goe, Douglas E Esq",9205 Upper Hill St,City and Hunslet Ward,West Yorkshire,LS1 5QE,01350-332706,yun_paletta@paletta.co.uk
d771dc7e-ff97-44ac-99ca-2cdab93eec7b,Brittani,Thurm,Burgess Steel Products Corp,9 Horatio St,Ruckinge,Kent,TN26 2PN,01686-306597,bthurm@yahoo.com
a6053e72-ddd0-45a9-a041-b9c222cb19ec,Billy,Venus,Tipton & Hurst,61 Miriam St,Abbey Road Ward,Greater London,NW8 9BD,01537-356648,billy.venus@yahoo.com
ee33435a-23db-41ba-8ca3-6a6132b6a168,Brynn,Elkan,A O Hardee & Son Inc,67 Pulford St,Prittlewell Ward,Essex,SS2 6NL,01388-416867,brynn@yahoo.com
81253a15-501e-43c0-be47-026515372185,Elroy,Piehler,"Jonson, Geo D Esq",821 Pembroke Place,Kirkby Stephen,Cumbria,CA17 4RZ,01589-654152,epiehler@piehler.co.uk
3b0aa92c-088d-49dd-b5d7-a0253925b29d,Anisha,Shulick,Dale Yoder Clu Life Hlth & Bus,3 Alder St,Eaton Park Ward,Stoke-on-Trent,ST2 9AW,01780-704167,ashulick@yahoo.com
b0eb4e56-1df3-4c59-8609-d6bdca0eaae2,Bettina,Kham,Council Of Cmnty Blood Ctrs,80 Morecambe St,Bishop Auckland,County Durham,DL14 6NG,01355-192668,bettina.kham@kham.co.uk
15b3c872-c81f-4be7-9388-bc0ca2946936,Velda,Mancilla,"Tremont, Michael A Esq",7866 Renshaw St #283,Falmouth,Cornwall,TR11 4QQ,01823-526645,velda_mancilla@mancilla.co.uk
988d7977-42d6-45b3-9f48-90b2633455ce,Marta,Brace,"Trautman, Eileen Esq",658 Lake St,Malmesbury,Wiltshire,SN16 0XZ,01777-469402,marta.brace@brace.co.uk
86940cab-b9ca-40d8-b341-318536dc3842,Juan,Vanwyhe,Office Service Co,5382 Redfern St,West End Ward,Greater London,W1J 0QH,01961-642757,juan_vanwyhe@gmail.com
b17ff93c-687a-4f51-b8f7-d82b30cd7776,Lelia,Filion,Alphabetland Pre School Center,45 Bidder St #38,Town Ward,Greater London,EN1 3HT,01367-136951,lelia.filion@filion.co.uk
6314a260-7dc0-4256-8b26-81f8b08ec0b0,Una,Frankel,Shamrock Food Service,6766 Britton St #379,Crompton Ward,Greater Manchester,BL1 3EX,01912-749219,ufrankel@hotmail.com
01e3c732-4ce9-42cc-a13f-3b540debd756,Eva,Joulwan,Central Hrdwr & Elec Corp,7 Lear Rd,Stroud,Hampshire,GU32 3PQ,01779-720349,eva.joulwan@gmail.com
fdc39214-576e-48b0-84a9-90dcb5946763,Mammie,Dormanen,Matt Parrott & Sons Co,2577 Toxteth St #5,Overton Ward,Lancashire,BB6 7UN,01527-579687,mammie_dormanen@hotmail.com
ac8743e0-39a2-4bb9-9fe4-de970a942e44,Jeannetta,Coolidge,Tiny Tots Originals Div,761 Cockerell St #1,Midway Ward,Derbyshire,DE11 0HE,01927-790069,jeannetta_coolidge@gmail.com
4ef360f7-44bf-4105-a14e-97cbd71f9d31,Elbert,Drawe,"Lovitch, Alan F",9 Cypress St,Washington East Ward,Tyne and Wear,NE38 9AQ,01753-784273,edrawe@drawe.co.uk
b403483e-33b8-41e3-8d4a-cdb13bd04d4c,Lenny,Gazzola,Wise Industries,6 Romilly St,Walkergate Ward,Tyne and Wear,NE6 4YH,01312-233253,lenny.gazzola@yahoo.com
5d900a03-5ae0-461b-9416-d13437d48827,Mira,Alpheaus,East County Process,51 St Anne St #12,Stratfield Mortimer,Berkshire,RG7 3RA,01241-273991,mira.alpheaus@yahoo.com
610798b0-7cf3-41cf-8b08-506f6632943c,Cathern,Ungar,Agopgee Enterprises Inc,823 Idris St,Selston,Nottinghamshire,NG16 5LG,01898-134749,cathern.ungar@ungar.co.uk
b68418d8-25db-4f60-8c13-80c6caf7e84f,Malcom,Fleckles,L Winik & Associates Inc,8764 Nickleby St #877,Govan Ward,Glasgow City,G51 1BQ,01478-110943,malcom.fleckles@gmail.com
c5ec8226-64f0-404a-a00b-094c4e8dca5f,Monroe,Damato,"Rosati, Marc D Esq",5344 Bengel St #5,Millwall Ward,Greater London,E14 5DR,01402-733903,mdamato@damato.co.uk
a5b0de59-1c2b-43ba-96b8-1c60af44f7d5,Leota,Fletchen,Rust Evader Corp,8880 Great Howard St #7750,Sefton,Merseyside,L29 7WD,01358-446391,lfletchen@gmail.com
fb8300dd-4763-421d-a4de-e86b441b4a78,Berry,Gutoski,Budget Annex,9 Oakleigh,Lancing,West Sussex,BN15 9BN,01448-211489,berry@gmail.com
fc9d0a80-ba9e-4a53-bb37-7c9606d5467c,Meghan,Riherd,Kiqo Pure Gold Oldies 104 Fm,83 Denbigh St Bootle,St. Gluvias,Cornwall,TR3 7AZ,01462-474800,meghan@riherd.co.uk
7b2e3602-5cfc-41f4-b22e-f370538174de,Mike,Torner,Segall Majestic Inc,30 Aughton St,Hilton,Aberdeenshire,AB24 2RR,01240-600327,mike_torner@torner.co.uk
299a131d-9496-4a56-b955-cf6f29e5fcdc,Elsa,Delisle,Taos Valley Resort Assn,260 Saxon St,Brooklands Ward,Greater Manchester,M33 4BP,01537-525550,elsa_delisle@gmail.com
36dd19fa-d00d-4ac1-ae3c-e0b532875a58,Linwood,Rosenlof,Exhibit Crafts Inc,3 Pyramid St,Eccleston Ward,Merseyside,WA10 3BW,01546-942059,linwood.rosenlof@yahoo.com
bf6d491b-d679-47dc-805a-5ead7c996bfa,Latosha,Alexy,"Laitinen, Stephen B Esq",37 Langham St #948,St. Georges Hill Ward,Surrey,KT13 0AZ,01704-508066,latosha@yahoo.com
3a634de6-6988-420d-a294-56ed0d7a43d5,Alexia,Meenan,Herr Foods Inc,94 Villars St,Launcells,Cornwall,EX23 9LG,01560-328739,alexia.meenan@meenan.co.uk
0bd77138-aa5c-4b74-8238-da1ec5b96a6a,Graham,Stanwick,Tiburon Pen Chmbr Commrce Inc,73 Hawkstone St,Renfrew South & Gallowhill War,Dunbartonshire,G52 4YG,01860-191930,gstanwick@gmail.com
60e61765-791b-42ad-81d5-9324ad68ca30,Elinore,Fulda,Agri Business Insurance Agency,123 Sussex St,Astley Bridge Ward,Greater Manchester,BL1 6PY,01457-837447,elinore.fulda@fulda.co.uk
7fc942da-90f3-4d50-aa78-82942a3cb46c,Lisbeth,Creecy,"Gerstenfeld, Gerald F Esq",484 Barry St,Shiney Row Ward,County Durham,DH4 7RG,01931-620849,lcreecy@gmail.com
7aa17648-8b3d-44fe-bd71-6be94dcc5e54,Eloisa,Faurote,"Mcdonald, Michael J Esq",7033 Micawber St,Bintree,Norfolk,NR20 5NQ,01337-695353,eloisa.faurote@hotmail.com
113d8ff2-d1fb-41d3-8e72-a8d2b342a766,Shawana,Cantua,Best Western Riverview Inn,33 Vipond St,Woodhall Farm Ward,Hertfordshire,HP2 7JP,01413-348876,shawana@yahoo.com
e6e2c66b-bc6f-47a4-94f1-e09352b34a6e,Alyssa,Ansbro,"Berg, Michael D Esq",85 Hero St,Stanhope,County Durham,DL13 2TZ,01632-887825,alyssa_ansbro@gmail.com
5d07bcc1-7fd3-4566-b343-9b508041fe43,Kyoko,Mcmillian,Nature Conservancy,77 Reading St #8,North Tawton,Devon,EX20 2TR,01235-173362,kyoko_mcmillian@gmail.com
e6226e35-500f-4b22-8c6b-f8f72b2e847c,Terry,Gauthier,"Walker, Susan S Esq",274 Altcar Ave,Catterick,North Yorkshire,DL10 7NU,01555-550015,tgauthier@yahoo.com
3b6c2c25-986c-47b5-b4c6-41e7519b1b28,Sena,Langenbach,Alternative Collection Svc Inc,38 Avondale Rd #79,Kilmersdon,Somerset,BA3 5SJ,01756-678490,sena.langenbach@hotmail.com
c851399f-6692-4eff-837c-3c5f6e056b01,Cristen,Nesset,"Johnson, Matthew E Esq",4679 Curzon St,Central Ward,Lancashire,BB5 0SJ,01354-864473,cnesset@nesset.co.uk
5d40e1c3-b6b8-428a-9bfe-47f474397fe7,Lashawn,Ker,"Thornsjo, Dale O Esq",13 Nelson Rd,Filwood Ward,Bristol,BS4 1HT,01676-780022,lashawn.ker@gmail.com
4aeb9e6e-57ca-4cdb-bd4f-50aa1a5cb96e,Wade,Sovel,Manhattan Supply Co Deer Pk,2546 Hunter St,Central Buchan Ward,Aberdeenshire,AB53 6YD,01712-978062,wade@hotmail.com
4b88fa00-84fb-473e-ba34-18593866361f,Whitney,Tishler,Clifford Standifer & Mcdowell,77 Mason St #650,Smallbridge and Firgrove Ward,Greater Manchester,OL16 3AW,01224-605237,whitney@gmail.com
3c80b622-f68e-4179-9b66-50a8cb5154c4,Deja,Conatser,Universal Case Co,94 Wakefield St,Lavenham,Suffolk,CO10 9PU,01378-234592,deja.conatser@hotmail.com
b9da36ab-0531-45f3-9f6d-aa6a7709c500,Earnestine,Casper,A O J Mfg Corp,529 Stalmine Rd #3680,Saffron Walden,Essex,CB11 4DJ,01807-346103,earnestine_casper@hotmail.com
4f5939f9-a647-433e-8f8f-1678d5c11b7c,Frankie,Marruffo,Paralegal Personnel,52 Morningside Rd #1,Cilybebyll Community,Neath Port Talbot,SA8 3HE,01295-678319,fmarruffo@gmail.com
eddb6c0d-cf82-4251-a49f-b41c390b288e,Paola,Dease,Sunderland Publishing Co,94 Enid St,Birchington,Kent,CT7 9BG,01333-642646,pdease@gmail.com
ff8bd58f-3e32-44f7-be12-8a2fe4dd0a77,Rodrigo,Hawkin,"Godfroy, William Esq",661 Great Crosshall St,Forth Ward,City of Edinburgh,EH5 2LR,01936-611490,rodrigo@hotmail.com
114f8fd6-cd3b-4182-b7a3-031b5868b50a,Luther,Alsman,Crossroads Travel Service Inc,227 Albert Terrace,Belvedere Ward,Greater London,DA17 6EF,01536-639256,luther@gmail.com
56264afc-0f37-4fe8-88f9-b4b70a5f5734,Casey,Dondero,Sarrail Lynch & Hall,464 Back Nile St #618,Acton Central Ward,Greater London,W3 6QJ,01728-100333,casey.dondero@hotmail.com
747632b6-428d-4311-abbe-2ee2fdcd42af,Ressie,Bontemps,Typesetters,42 Eastwood St,Walton Ward,Cambridgeshire,PE4 6HB,01996-854517,ressie_bontemps@bontemps.co.uk
f14f2951-e570-4a54-bbfc-74799abec0e7,Sean,Schurman,Cooper Electric Supply Co,2877 Grain St,Caversham Ward,Berkshire,RG4 5DE,01773-139510,sean.schurman@schurman.co.uk
b0a0e64c-0ca3-4af3-b76b-6c79cb163339,Celestina,Pince,Mcallister & Murphy Pc,13 Stockdale St #779,Abingdon on Thames,Oxfordshire,OX14 5QH,01763-475078,cpince@pince.co.uk
31f3466b-0d89-4c12-a95f-7f1a1b08f406,Maira,Karas,"Blanton, Mary R Attorney",9 Cropper St,Northgate Ward,West Sussex,RH10 1YJ,01582-839217,maira.karas@yahoo.com
19e11f0d-94e1-465b-b194-0a8bf7086c4c,Beth,Barbone,Upper Deck Co,3 Gaskell St,Tynemouth Ward,Tyne and Wear,NE30 2NB,01210-926114,bbarbone@barbone.co.uk
b948edd9-4bd0-4391-bc11-f0f4f7e9b92c,Wei,Nobel,Victory Coating,5221 Royston St,Eccleshall,Staffordshire,ST21 6GA,01912-146880,wei_nobel@hotmail.com
9c6dc858-d256-462e-a98c-0a80fff4fad2,Melissia,Slotemaker,Twining Nemia & Steflik,83 St Johns Lane #43,Linlithgow Ward,West Lothian,EH49 7LS,01515-360513,mslotemaker@gmail.com
483672f6-e869-405d-85fc-ca44083e8850,Letha,Akey,Jeanettes Drapery & Upholstery,603 Pall Mall,Layton Ward,Lancashire,FY3 8ND,01694-424205,letha_akey@akey.co.uk
a2d95b68-73ab-4f7a-b199-9009039f6bf1,Isaac,Semrad,"Prugh, Pamela J Cpa",76 Dawber St #6,Blackheath Westcombe Ward,Greater London,SE3 7JY,01939-738818,isaac.semrad@semrad.co.uk
9919833f-4cc1-46c0-a540-2d7dddc6de56,Kristine,Klipfel,"Neeley, Gregory W Esq",3380 Alexander St,Moulsham and Central Ward,Essex,CM1 9QQ,01710-435506,kristine.klipfel@yahoo.com
f6fd06ab-3b8e-40c4-9657-cb40f758058c,Odette,Moussette,Village Business Center,216 Lissant St #8,Great Dunmow,Essex,CM6 1DQ,01712-248851,odette_moussette@gmail.com
a7bfeb22-ed28-4367-8ba7-d31228a6f386,Hobert,Panfilov,"Carlin, Angela G Esq",92 Phythian St #614,Gweek,Cornwall,TR11 5RR,01245-353227,hobert@gmail.com
359b4fd4-f168-4473-a214-c4250b864e7b,Isadora,Mchughes,Fan Shop,792 Queens Rd,Stretford Ward,Greater Manchester,M32 8LR,01526-145485,isadora.mchughes@mchughes.co.uk
247ba32c-90d3-48ad-881a-9d5365c5470b,Emily,Pogorelc,Mccartney Printing Services,5196 York St,Orsett Ward,Essex,SS17 8NS,01416-913482,emily.pogorelc@yahoo.com
8918404d-570f-4fd0-9bc7-2698c6cfd8e3,Desire,Barresi,Greater Cinc Schl Empl Crdt Un,428 Kearsley St,Hatton,Warwickshire,CV35 7UA,01819-701096,desire@gmail.com
cd527108-082b-45e4-a787-172251a3e835,Rosalind,Stamps,"Haar, Allen F",8 Chestnut St,Barrowford,Lancashire,BB9 6EW,01918-999052,rosalind.stamps@stamps.co.uk
f4baf2c2-4225-4e9a-a5a1-528e4e03dcdf,Vernell,Connley,Harmons,998 Roe St #6,Bellingham,Northumberland,NE48 2BX,01954-363885,vernell@hotmail.com
74a998d4-4c2c-4a2a-bab8-73876c60f946,Micheline,Mathieson,Mail Boxes Etc,3 Copenhagen Rd,George St,Aberdeenshire,AB25 3UZ,01857-518738,micheline.mathieson@yahoo.com
86d57338-861c-4b9b-8028-12981b2c3ee4,Nathan,Outhouse,Grt Amercn Fed Svngs & Ln Assn,293 Vivian St,South Jesmond Ward,Tyne and Wear,NE2 1EY,01555-702650,nathan.outhouse@gmail.com
9db05d87-b8dd-4c77-87f0-a61d2bb83140,Allene,Burau,Allied Plastics,8 Barlow St #6,Barlow,Derbyshire,S18 7TH,01731-825958,allene.burau@hotmail.com
e75af1ec-187f-4d0a-9ac8-efc5b9269652,Julie,Sakshaug,Newton Clerk,5 Shakspeare St #66,St. Johns Ward,Hereford and Worcester,B61 8HD,01225-180983,julie@gmail.com
1b3355f8-a7a1-473b-879e-6428deeea9b9,Francisca,Shuhi,"Thompson, Chesney Md",7 Carolina St,Bodmin,Cornwall,PL31 1QF,01345-878334,fshuhi@shuhi.co.uk
2fec4682-6a7b-48a1-a790-d326db0e72c1,Marisha,Wilcoxon,Young Door Company,52 Trowbridge St,Knightsbridge and Belgravia Wa,Greater London,SW1X 9HB,01257-461104,marisha.wilcoxon@gmail.com
850cdae9-cdce-4671-86be-7bd303026df7,Telma,Maraia,Reliable Yard Service,25 Village St,Elgin City South Ward,Moray,IV30 1SB,01500-649863,telma@maraia.co.uk
3c4650db-d948-4076-824c-a29af3e6302b,Luke,Crete,M D & W Railway,4 Peach St #5112,Halstead,Kent,TN14 7EF,01375-820236,luke.crete@crete.co.uk
25d167e7-dbf6-4a88-8083-caff5aed3b0a,Hubert,Mias,Chuckmaster Co,3614 Old Hall St #604,Fawley,Hampshire,SO45 2PT,01408-965643,hubert.mias@gmail.com
e4cb725f-61f0-4704-b45a-f6f46672fead,Janella,Altobell,"Shannon, Paul V Esq",3768 Hey Green Rd,Hartshill,Warwickshire,CV10 0TH,01746-505364,jaltobell@hotmail.com
4a69be08-d519-49d5-a9d9-a14d5fb6290a,Angelo,Lavista,Computemp,97 Newlands St,Kensington and Fairfield Ward,Merseyside,L6 9DU,01544-247601,angelo.lavista@gmail.com
e0fcac64-00a8-456e-a9a9-cb8d8a90842b,Tran,Mandiola,N Rockland Educl Fed Crdt Un,6226 Maitland St,West Bromwich Central Ward,West Midlands,B70 6DR,01609-235350,tran.mandiola@hotmail.com
3079e45b-dd45-4194-962c-daf145b952af,Reynalda,Vanhooser,A All In One Construction,891 Crocus St,Rowley Ward,West Midlands,B65 8EZ,01951-872658,reynalda@vanhooser.co.uk
8da62b7a-02d9-41ea-83c4-d79ec34228ec,Salley,Rieger,Barnett Industries Inc,1 Segrave St,Sutton Trinity Ward,West Midlands,B75 6HJ,01858-162078,salley.rieger@gmail.com
b0d36802-da3b-4d90-8e87-300f6186d3cb,Cheryll,Yurich,Blaineco Structural Movers,666 Moor Place,Shepway South Ward,Kent,ME15 8ST,01780-380120,cheryll_yurich@yurich.co.uk
ca5edc51-b1e2-44cb-ac70-1fdda3397d22,Crista,Viengxay,Green Point Savings Bank,1554 Christopher St,Everton Ward,Merseyside,L6 1BG,01976-784016,crista@yahoo.com
033e1a2f-f61d-459a-9aae-6d69d3fdb8b4,Lino,Sutulovich,Sherpa Corp,55 Margaret Rd,Heaton Ward,"Yorkshire, West",BD9 4DA,01316-590173,lino.sutulovich@gmail.com
294b9d93-baf6-480f-9b5b-a3a9ab218fba,Galen,Wendorf,"Russell, Amelia Mosley Esq",8830 Antonio St,Gillingham North Ward,Kent,ME7 1DZ,01220-653456,galen.wendorf@wendorf.co.uk
3fdf0c3f-53dc-48d9-84bd-18ac9c685af9,Gilbert,Langarica,Inter American Press Assn,82 Sinclair St,Bangor Community,Gwynedd,LL57 1DW,01455-565046,gilbert.langarica@gmail.com
928cd75d-6806-4b58-8a02-ec5d4129922f,Whitney,Goossen,Eagle Newspapers,7568 Atlas St,Butterwick,Lincolnshire,PE22 0HY,01255-383731,whitney.goossen@hotmail.com
3639795b-0a68-451d-bccf-244adf26cc61,Socorro,Abrahams,Martin Morrissey,93 Clyde Rd #9,Deepdale Ward,Lancashire,PR1 6TN,01311-567052,socorro_abrahams@abrahams.co.uk
ad290feb-caef-4035-b4a0-a7df2c0c8642,Mauricio,Flam,"Callender, William C Esq",18 Nimrod St,Walney North Ward,Cumbria,LA14 3SJ,01640-813748,mflam@gmail.com
90dd628f-ee72-4ce7-83f3-aac1d6857581,Phillip,Aloi,"Duffield, Michael C",6 Cannock St,Scarcroft,West Yorkshire,LS14 3BW,01490-898175,paloi@hotmail.com
6b850761-4431-46f1-8104-f328b0c13635,Gilberto,Erixon,Advanced Data Systems,2258 Benedict St,Penryn,Cornwall,TR10 8RP,01582-161403,gerixon@gmail.com
4013b123-2a80-4a3f-8cca-fdfd112600df,Thad,Puskarich,"Drubner, Norman S Esq",9302 Ismay St #6,Tenterden,Kent,TN30 6JP,01506-152661,thad_puskarich@puskarich.co.uk
d8262d17-bd3c-4b01-add8-6bb76ba06fbc,Bambi,Favaron,Desktop Center,3347 Lawrence Rd #456,Haverstock Ward,Greater London,NW5 4EU,01676-354943,bambi.favaron@yahoo.com
d80c158a-8f3e-4649-9416-efeab080f329,Marshall,Kozikowski,Viking Lodge,47 Elwy St,Kilpatrick Ward,West Dunbart,G81 6RT,01913-454226,marshall@hotmail.com
f0e783a2-aecd-4dbf-99b1-a9b5aeeb18b5,Chery,Wiederin,"Rosenkrance, Brent",553 Picton Rd,Astley Mosley Common Ward,Greater Manchester,M29 7AA,01274-659801,cwiederin@yahoo.com
22ecf91c-2d27-449c-947b-c8c107a18087,Eileen,Montecalvo,Holiday House Apts,9986 Cantsfield St,St. Peters Ward,Tyne and Wear,SR6 9SD,01904-227024,eileen@yahoo.com
41254c52-3e5c-4dfa-8f9c-b08e48d31222,Melita,Szpak,Or Draymen & Warehousemans,1 Sussex St,Cyfarthfa Community,Merthyr Tydfil,CF48 1AR,01431-484822,melita.szpak@szpak.co.uk
f29dc9cd-96bf-48df-b7f2-85921ec9cc88,Ashley,Jessie,"Haney, Tom C Md",9548 Ogwen St #84,Baguley Ward,Greater Manchester,M23 9GB,01740-739731,ashley_jessie@jessie.co.uk
d2a13a6b-6da5-48d2-9332-1c96aa4e0245,Laila,Fend,Burlington Co Library,57 St Georges Hill,Crawcrook and Greenside Ward,Tyne and Wear,NE40 4LJ,01550-206220,lfend@gmail.com
eb9d3ad5-1e19-429f-9d12-b72bcc9566e1,Bobbie,Guillereault,Geneva Woods Professional Ctr,385 Upper Hampton St #39,Southey Ward,South Yorkshire,S5 8LL,01496-781616,bguillereault@gmail.com
5888eb46-81c1-4add-9512-15679aca9ebd,Dana,Paluszynski,Chile Pepper Magazine,6378 Lyell St #48,Trossachs and Teith Ward,Stirling,FK21 8TJ,01847-224345,dpaluszynski@paluszynski.co.uk
42bf9da9-242c-4fbd-b178-60ff9520db94,Freida,Newyear,"Flash, Elena Salerno Esq",675 Falstaff St #170,Chapel-en-le-Frith,Derbyshire,SK23 0QG,01773-691786,freida_newyear@yahoo.com
ca254bfb-5f52-4c76-82b2-37d97c955aa4,Val,Cellucci,Owensboro Brick & Tile,87 Pelops St,Kings Norton Ward,West Midlands,B38 8PL,01387-155607,vcellucci@yahoo.com
82257da1-ade0-4442-864b-7c4599fe55b5,Horace,Knapp,Mouw & Celello Pc,5 Eyes St,Mid and Upper Nithsdale Ward,Dumfries and Galloway,DG4 6LF,01924-556297,horace.knapp@yahoo.com
dbf241df-1259-421e-9e47-389427af724a,Joana,Reinecke,Visiting Nur Assn Ctrl Jersey,2427 Olney St #7,Amersham,Buckinghamshire,HP6 6JH,01320-402522,jreinecke@reinecke.co.uk
afc8d53e-4e32-4dec-a7e4-120eff1e5f0e,Tiara,Schlichter,C C Industries,805 Westbank Rd,North Heywood Ward,Greater Manchester,OL10 2DU,01270-562265,tiara_schlichter@schlichter.co.uk
3cf76ec0-22d6-4ae1-8086-cad03f162767,Dacia,Swaisgood,Nelson & Paulson Chartered,36 Cranmer St #4697,Little Hereford,Shropshire,SY8 4LE,01984-926059,dacia.swaisgood@swaisgood.co.uk
1096d366-8773-45ab-be48-a4ab36cd956a,Myong,Babineaux,Capital Thrpy & Spts Medcn Inc,2 Kirkdale Rd,Canning Town North Ward,Greater London,E16 4NF,01897-419567,mbabineaux@babineaux.co.uk
0114b2b7-6e32-4a39-bf63-eef848e3c363,Gene,Bleile,Sun Toledo Refinery Co,4687 Atherton St,Springfield Ward,West Midlands,B11 4HB,01257-354396,gene_bleile@bleile.co.uk
e2652c5e-cf86-45b7-a0b3-58a0205f5dec,Kanisha,Difiora,"Mata, Mario A Esq",513 Bailey St,Bontnewydd Community,Gwynedd,LL54 7UP,01770-697837,kanisha@gmail.com
90c030f7-3bbe-4442-b46d-eca75f96b573,Ayesha,Moeder,Meredith Paving Corp,620 Old Leeds St,Sheviock,Cornwall,PL11 3DF,01284-871485,ayesha@gmail.com
73c7ce35-57cd-4dd2-8cd6-162a770e3615,Lanie,Smalarz,Philosophical Rsrch Scty Bkstr,5149 Maria Rd,Peterlee,County Durham,SR8 5RL,01218-415062,lanie.smalarz@yahoo.com
de9f57b1-495c-4e28-96b6-e613654c7629,Jaleesa,Polintan,New Jersey Tanning Co Inc,8 Taylor St,Shrub End Ward,Essex,CO2 9LW,01507-519053,jpolintan@polintan.co.uk
1d699f9e-bda3-4e89-9a8f-3464a799713e,Tamekia,Flotow,All County Inc,588 Venmore St,Twickenham Riverside Ward,Greater London,TW1 2QH,01794-317624,tamekia.flotow@hotmail.com
482c7bfb-3da2-4282-8c2f-fd606f9f0eac,Ula,Otey,Mail Boxes Etc,1 Newby St,Coleshill,Warwickshire,B46 3LZ,01291-565542,ula@hotmail.com
23f6c332-ca26-44fd-b17c-7fdddc1c0056,Rosendo,Ratel,Elmark Graphics Inc,5588 Lake St #903,Crystal Palace Ward,Greater London,SE19 2TJ,01404-343160,rratel@yahoo.com
1a1386e2-b27c-4a57-ab91-8e1cf4710b27,Timmy,Lintner,Interdependence Associates Inc,9112 Hardwick St,Bowes,County Durham,DL12 9JB,01651-232745,tlintner@hotmail.com
403b9234-885a-455a-8f35-fedaf46df1d5,Zita,Speltz,Mmm Design Group,2395 Gloucester Pl,Halliwell Ward,Greater Manchester,BL1 6DS,01368-497445,zita_speltz@yahoo.com
3027e0bb-0bb9-4548-8b54-3d4f1901551b,Aleisha,Lemm,Pathe Cmptr Cntrl Systems Corp,341 Birchfield St,Wareham St. Martin,Dorset,BH16 6JJ,01341-997268,aleisha.lemm@gmail.com
860ff564-2cbb-4a8f-93cf-1c4ff0a5c0dd,Naomi,Lavezzo,Torrefazione Italia Inc,9854 Ranelagh Place,Finedon,Northamptonshire,NN9 5EN,01469-888112,naomi.lavezzo@yahoo.com
bd309ad9-e797-4469-bf0e-ac0bdcad1a27,Aretha,Bowling,"Sawyer, Robert M Esq",8 Nova Scotia,Caerphilly Community,Caerphilly,CF83 3AF,01816-462521,aretha@hotmail.com
b758f33a-42f4-4050-81f0-a818c67ed7e3,Mila,Figuera,U S Sapporo A Inc,72 Lime Place,Old Newton with Dagworth,Suffolk,IP14 4HG,01300-650262,mila_figuera@yahoo.com
6ecc6fc8-540b-4d2c-b19a-463f21fcd542,Orville,Zuehl,"Teti, Louis N Esq",907 Denman St,Crowle and Ealand,North Lincolnshire,DN17 4EN,01998-694754,orville_zuehl@zuehl.co.uk
32b3d758-b59a-4309-be90-6f1dade92e36,Gabriele,Geschke,Levy Security Consultants Ltd,5 Garfield St #9,Milton Regis Ward,Kent,ME10 2EJ,01404-425588,gabriele@geschke.co.uk
3520e87e-6c5d-4484-ba28-2ee0b2fbabc2,Kara,Jaquish,El Adobe Inn,345 Feltwell Rd,St. Michaels and Wicksteed War,Northamptonshire,NN15 6BB,01691-316298,kara@yahoo.com
48cd78a9-a753-4d2c-a218-d4f9c00deeae,Kenny,Lin,Mcmahan Mcmahan & Brinkley,1 Towson St,Howe of Fife and Tay Coast War,Fife,KY14 6AH,01753-900033,kenny@lin.co.uk
da1092b0-484d-4a09-8055-b2cf5a48cc4a,Vashti,Sugai,Accurate Engraving Co,4 Candia St #6,Shipston on Stour,Warwickshire,CV36 4HE,01311-723137,vashti@gmail.com
26a262c4-8cf6-4c0b-b393-b47ee749ad25,Jordan,Handsaker,Shirleys Print Shoppe,2 Cherry Lane,Strood South Ward,Kent,ME2 2NJ,01793-443665,jordan_handsaker@gmail.com
aa46252d-c047-4e73-ae62-f41fa78835be,Carisa,Degenhardt,Schwend Signs,7 Britannia Ave #875,Newton-with-Clifton,Lancashire,PR4 3RQ,01911-775929,carisa.degenhardt@degenhardt.co.uk
100d86c4-3444-47a1-b6c1-2b5bc6033c05,Audrie,Danaher,K C Products Co,63 Brunswick Sq,Llanelli Rural Community,Carmarthenshire,SA15 5YN,01344-670413,adanaher@yahoo.com
495484b2-2baf-4e4b-ab74-ff52edae67d8,Shaunna,Rodamis,Engelbrecht Ackerman & Hassman,5 Gainsborough Rd,Newington Ward,Greater London,SE1 6EH,01658-509610,shaunna.rodamis@yahoo.com
901b456c-1fe6-465c-be62-157cd0128324,Coleen,Langer,Valley Prodn Ctr For Vid & Aud,745 Goodall St #9309,Much Wenlock,Shropshire,TF13 6HB,01956-525612,coleen.langer@hotmail.com
5984f957-7cdd-45a4-9230-94d140a20c5b,Katie,Choinski,Coastal Technologies,1267 Alderson Rd,Churchdown,Gloucestershire,GL3 2BA,01606-772920,katie@choinski.co.uk
e7e5b6af-0c58-4015-a523-c4d414ed63cc,Dannie,Brau,Goodfellow Agency,2 Gay St #3702,Werrington South Ward,Cambridgeshire,PE7 2QA,01675-779811,dbrau@brau.co.uk
6fbb3a11-c2aa-4331-beac-8f0a9db10d97,Ashanti,Donn,Denticator,3409 Benns Gardens,Hollington Ward,East Sussex,TN38 9NE,01352-599278,adonn@yahoo.com
deb2e0e3-90ca-4117-961b-3431b8fa56f4,Madalyn,Dubberly,L & M Industrial Chemicals Inc,1 Lower Burlington St,Northfleet South Ward,Kent,DA11 8RN,01974-720949,madalyn.dubberly@gmail.com
24f2db2f-0bf5-467c-a231-16c591640105,Santos,Signore,"Gallagher, John J Esq",4706 Chapel Place #5993,Steyning,West Sussex,BN44 3DF,01614-431131,santos@gmail.com
c15bd714-139a-4ee4-8a79-5760cd367752,Alyce,Flamino,"Sadowski, Jeffrey A",4 Mather St,Holbrook Ward,West Midlands,CV6 4BN,01361-927368,alyce@yahoo.com
fea6964e-6742-4368-b74c-cce1152cc979,Pearly,Ero,Rug Gallery,9960 Gilroy Rd,Woodhouse Ward,Greater London,N12 9JT,01329-374051,pero@hotmail.com
f3ecede8-876d-499c-b66f-0462c8b10024,Cherrie,Nitschke,"Watson, Richard I Md",3 Burnall St,Keighley,West Yorkshire,BD20 6DA,01373-498883,cherrie_nitschke@yahoo.com
e8d142ec-eb4e-4e0c-939a-e031564e1a12,Maia,Shadd,Pigeon Falls State Bank,8 Bigham Rd,Deal,Kent,CT14 9QJ,01950-708083,maia_shadd@gmail.com
71f43e02-32c6-4fca-801e-1020e1e7c7e3,Edwin,Logghe,Joseph Victor & Son Inc,950 Gordon St,Heanor and Loscoe,Derbyshire,DE75 7FZ,01366-667615,edwin_logghe@hotmail.com
bd981219-0906-4ff5-be97-b759a1a59820,Leigha,Semenza,Unique Epoxy,784 Juno St #7653,North Horsham,West Sussex,RH12 4GW,01406-216625,lsemenza@yahoo.com
1b041f28-f882-4323-8745-8506e93468a7,Walker,Seeger,Jim Dunnam Builder Inc,69 Chantrey St #90,Hickling,Norfolk,NR12 0YB,01245-616596,walker.seeger@yahoo.com
5375f51e-048c-4a6b-8bcb-90910b7ac4bb,Nakita,Rodrigues,Richard Mulholland Prop Inc,4 Northbrook St #600,Edmonton Green Ward,Greater London,N18 2NF,01679-150583,nakita_rodrigues@gmail.com
6a047b4e-ef32-44d9-8834-c277f8b37b45,Kattie,Ozane,"Page, Patricia A Esq",526 Liffey St #759,Westbury,Wiltshire,BA13 3QU,01322-491007,kozane@gmail.com
52ed353b-e1fa-4ec1-92dc-fd05a5c56090,Lamar,Suite,T J Boyle & Associates,6301 Dorset Rd,Harefield Ward,Greater London,UB9 6LF,01716-613102,lsuite@yahoo.com
3d8184c5-a34f-4d1d-a46d-980bc626dbd9,Juliana,Uken,Charles S Cavadini Cic,4 Summer Seat Bootle,Moulsecoomb and Bevendean Ward,Brighton and Hove,BN2 4TL,01962-844141,juliana.uken@yahoo.com
5dc2ad44-d823-4c22-a84d-5a467dcc255b,Chan,Loftin,Hydrick Law Offices,84 Walton Village,Horfield Ward,Bristol,BS7 0AX,01507-583669,chan@gmail.com
344941f1-0f7d-464d-a678-68da55497a52,Delpha,Detamore,Bilar Tool & Die Inc,8 Tagus St #9814,Cleator Moor,Cumbria,CA25 5EF,01322-480025,delpha.detamore@yahoo.com
97d81928-74e2-41a1-9d35-ea35c2b71ab5,Floyd,Tivis,Sheplers Western Wear,770 Jamaica St,Penmaenmawr Community,Conwy,LL34 6BH,01882-970809,floyd_tivis@hotmail.com
5fe65475-d14a-406f-b614-110fcf58659f,Chantell,Besong,"Kelly, Mark C",11 Tetlow St,Parsons Green and Walham Ward,Greater London,SW6 4QP,01607-329400,chantell_besong@gmail.com
be86dfdc-89f8-4e8d-bb88-a0dc577e16b8,Martin,Fonua,Aviation Insurance Inc,7642 Ledward St,Cressington Ward,Merseyside,L19 0LN,01919-185409,mfonua@yahoo.com
bad72172-a7c3-43fa-b6fd-ecb05468a089,Hyun,Erdman,"Hall, Ronald A",1432 Rutland Ave,Uckfield,East Sussex,TN22 9EF,01594-744010,hyun@gmail.com
6bcd6708-9c3d-412d-be73-bbc8508e246e,Nada,Arey,Advanced Engineering Assocs,22 Harewood St #95,Acton Trussell and Bednall,Staffordshire,ST17 0RU,01576-627827,nada@hotmail.com
a7458113-7d36-4e9b-9e25-75876305bf21,Elizabeth,Pata,"Hirsch, Henry L Esq",645 Lister Drive,Denwick,Northumberland,NE66 2LQ,01634-662999,elizabeth@gmail.com
88ea7495-3d00-420d-9590-fd226fd7e182,Dominic,Washmuth,"Bremer, Duncan S Esq",8977 Old Leeds St #87,Beaminster,Dorset,DT8 3DR,01725-615270,dwashmuth@hotmail.com
2542e6d6-fc77-4c1e-af0a-0acbfc08d504,Alise,Packebush,Wnc Forklift Inc,22 Delamore St,Hereford,Hereford and Worcester,HR1 2EA,01266-695304,alise.packebush@gmail.com
fdbf7120-89d4-4b18-a4bc-42498c336a69,Flo,Bardsley,"Hancock, John J Esq",35 Walton Lane,Loughborough Ashby Ward,Leicestershire,LE11 4PF,01983-847833,flo.bardsley@hotmail.com
0110996e-c12c-41b4-9b98-9018966da1c7,Bonita,Sandblom,Transbay Steel Corp,22 Kilshaw St,Wimbledon Park Ward,Greater London,SW19 7DT,01989-617161,bsandblom@gmail.com
f206bdd7-cad1-4054-acc9-3fa7309e63c0,Royal,Rush,"Severt, Todd D Esq",1 Argyle St,Hyde Werneth Ward,Greater Manchester,SK14 5AR,01934-427282,royal.rush@yahoo.com
e6cb59b7-9629-4bd7-8fe9-4fc759710eb9,Erasmo,Talentino,Active Air Systems,3 Garden Lane,Darton West Ward,South Yorkshire,S75 5JY,01492-454455,erasmo.talentino@hotmail.com
a6ba7593-4209-4883-b29d-12cce75e6f88,Mari,Smeby,A B E Doors & Windows,4309 Chisenhale St,Rock,Hereford and Worcester,DY14 9XQ,01423-202676,msmeby@gmail.com
1e7b401a-9659-4f5e-9807-1eaa56ab0cf7,Eleonora,Ventry,"Jackson, Donald M Esq",758 Woodhouse St,Soho Ward,West Midlands,B21 0UE,01966-685595,eleonora@gmail.com
5ed3997f-cbf8-48d2-a015-306adf6b59f5,Therese,Shiraki,Wuhf Fox 31,18 Ouse St,Oakridge and Castlefield Ward,Buckinghamshire,HP11 2PJ,01611-691262,tshiraki@gmail.com
9cda1ae0-f102-41a7-8683-f157545765da,Rodolfo,Scavuzzo,Gulf Atlantic Equipment Co Inc,5 Ruskin St,Irvine East Ward,North Ayrshire,KA11 2BP,01576-536794,rodolfo_scavuzzo@yahoo.com
4156476b-c18e-4f5c-978b-91664607c4b5,Cruz,Fanelli,"Graham, John A Esq",4565 Blackstock St,Springfields and Trent Vale Wa,Stoke-on-Trent,ST4 5BW,01710-616480,cruz@hotmail.com
629af849-e90c-4b28-9961-ebbe6ba0e563,Arlyne,Dellinger,"Holzgrafe, Roger E Esq",8361 Cottenham St,Fawley,Hampshire,SO45 1QQ,01907-958462,arlyne.dellinger@yahoo.com
100bc34f-1a57-4788-a33f-e23422070374,Edward,Strejan,Kaysers Nutrition Center,1267 Audley St,Ise Lodge Ward,Northamptonshire,NN15 5DB,01242-422459,edward_strejan@gmail.com
ec6e90f3-b287-416e-92d2-1c1a5ad57c7d,Christoper,Sheneman,"Jones, Brigham P Esq",845 Atherton St,Tatsfield,Kent,TN16 2AR,01455-958797,christoper@gmail.com
4b3f4ed4-ed5a-40d5-a7bc-ce5752996dcd,Melda,Colamarino,Proctor & Associates Co,150 Margaret Rd,Kings Hill,Kent,ME19 4DT,01879-572287,melda.colamarino@colamarino.co.uk
fe76a904-de58-4144-80b3-0095581f513c,Margot,Peay,"Bork, Terry D Esq",9923 Dinorben St #4838,Childs Hill Ward,Greater London,NW11 8DY,01925-895879,margot.peay@yahoo.com
b462b138-91b6-4ca1-ab66-17a6a48b65e8,Gerald,Drozdenko,Diamond Cbnts Div Wht Cons Ind,186 Craven St #68,Little Ness,Shropshire,SY4 2JX,01593-647422,gdrozdenko@yahoo.com
5b0da11f-6e78-4d76-ac2f-a1241c379da0,Tomoko,Renno,Trico Prods Corp,5160 High St #38,Goldsmid Ward,Brighton and Hove,BN3 6EA,01731-573285,tomoko@renno.co.uk
7a3ba0ad-e4d7-4df2-83cf-b003c93dbe65,Mendy,Wassmann,"Ruello, Joseph F",3833 Sidney Rd,Cherryfield Ward,Merseyside,L32 3XS,01378-845450,mendy.wassmann@wassmann.co.uk
4fcc8da4-ec3f-473f-b5e5-7ff8a034f01f,Daryl,Hilcher,Petaluma Area Chamber Commrce,6267 Greenland St,Wakefield East Ward,West Yorkshire,WF1 4LW,01391-238570,dhilcher@hotmail.com
f15757fa-dfce-4be8-b7c6-1ab0a18b41d2,Ty,Feeback,Barnett Travel,14 Landseer Rd,Nith Ward,Dumfries and Galloway,DG1 9SY,01964-503521,tfeeback@gmail.com
0d5854d6-5b99-4abe-afdf-85be85d81066,King,Vanacore,Sdse Public Tv,30 Seville St,Meads Ward,East Sussex,BN20 7QU,01908-714833,king_vanacore@yahoo.com
4f3ec666-5235-4171-82f7-7fbb2a7c4a45,Isidra,Varnado,Howland Machine Corp,79 Chelmsford St,Holywell Community,Flintshire,CH8 7UP,01600-982590,ivarnado@varnado.co.uk
934350f8-b08c-4725-9053-eed0283dbc45,Tonja,Driesenga,First Ozaukee Savings Bank,8 South John St,Lamport,Northamptonshire,NN6 9XW,01683-204727,tdriesenga@driesenga.co.uk
27c378f0-d4f7-4b98-8e31-eb4c970bec08,Shaquana,Featherston,General Truck Part & Equipment,50 Townsend St,Chadderton Central Ward,Greater Manchester,OL9 0NS,01641-726098,shaquana@hotmail.com
46b6af92-e9f3-4ffc-83f7-e7f861c6d42a,Gilberto,Feagins,"Finlay, Joseph B Jr",7643 Campbell St,Penge and Cator Ward,Greater London,BR3 1LT,01304-758732,gfeagins@gmail.com
f4835d23-0dc9-47d4-ab3b-fb71b1baccc9,Rex,Faehnle,"Hering, Glenn Z Esq",371 Oakleigh,Warminster,Wiltshire,BA12 8NR,01955-496773,rfaehnle@faehnle.co.uk
9aa8e439-7aeb-4b0f-80e4-926da06292d1,Adolph,Cunningham,"Moorhead, Bridget Klein Esq",9874 Oakfield Rd,Redhill Ward,Tyne and Wear,SR5 5PT,01731-429712,adolph_cunningham@hotmail.com
cb4355a5-5660-4f46-82d8-12a3e60c7b92,Queen,Leader,Ottumwa Glass Co,6 Princes St,East Kilbride West Ward,South Lanarkshire,G75 8YR,01567-846944,queen_leader@gmail.com
be6d52e1-7d73-48ad-a50b-771a1b078002,Rebbecca,Rufenacht,Ithaca Guitar Works Inc,4190 Seacombe St,Tiffield,Northamptonshire,NN12 8AA,01583-168158,rrufenacht@yahoo.com
09154964-a7ed-4a94-aeff-8766a5832438,Ardella,Goldrup,Bedford Books St Martins Prs,3145 Rhyl St,Londesborough,E Riding of Yorkshire,YO43 3QE,01813-786468,ardella.goldrup@goldrup.co.uk
ab2e94e0-a91d-44a8-98a8-7f6c275c7fcf,Dallas,Miyashiro,Em Building Products Inc,4919 Lime Grove,Whitchurch Urban,Cheshire,SY13 4HB,01356-551432,dallas_miyashiro@miyashiro.co.uk
70977dc7-80ca-4ef1-8ef3-ef1eeda1c195,Vivan,Jenious,Mnpls Arprt Marriott,8 Carolina St,Northgate Ward,West Sussex,RH10 8EZ,01907-573672,vjenious@yahoo.com
0e61d61a-66c4-42b1-b3cf-9870fe61b8ae,Han,Dzledzic,Captain Copy,1592 Price St,Ponteland,Northumberland,NE20 9TF,01532-163009,han_dzledzic@hotmail.com
b56e3763-1371-4f21-a0fd-dc89d1bf7833,Emilio,Guitierrez,Register Printing Co,2 Weller St,Appleton Wiske,North Yorkshire,DL6 2AS,01845-679016,emilio_guitierrez@guitierrez.co.uk
be6a2b70-0428-490f-9fc8-6c86a6ed2865,Latia,Cos,Capitol Cadillac Company,18 Thomas St,Barnham,West Sussex,PO22 0JT,01695-303367,lcos@yahoo.com
8b2d592b-f1f8-4daf-a0b5-f45d5126f8de,Lilli,Cureau,A 1 Plumbers Supply,42 Hey Green Rd,Deepdale Ward,Lancashire,PR1 6TL,01752-399931,lilli@yahoo.com
b8100ec9-7ead-4472-b1e7-fcbe423242e8,Maryanne,Siske,"Levering, Charles B Esq",256 Vesuvius St #159,Stutton with Hazlewood,North Yorkshire,LS24 9UA,01455-447890,maryanne@hotmail.com
e62ef3d9-b5a8-4d99-9877-7be09e3b6f3f,Eliz,Strimple,Karl May General Contractor,82 Denison St #2642,Holyrood Ward,Greater Manchester,M25 1JB,01699-467608,eliz@gmail.com
06e0e273-3d9b-4c36-b881-5da96f3b55a7,Laura,Gumaer,C Leasing Company,1779 Bird St,East Sheen Ward,Greater London,SW14 8JZ,01821-208235,laura_gumaer@gmail.com
d85661d8-66b1-4416-aefd-74c64121ea31,Leanora,Respicio,Fire Protection Consultants,99 College St South #1,Byker Ward,Tyne and Wear,NE6 2RX,01564-503370,lrespicio@respicio.co.uk
ecb158f6-1706-449e-8c7e-a74310900630,Sherell,Pomarico,Kxlt Radio (k 108 Fm),29 Greenleaf St,Llangristiolus Community,Isle of Anglesey,LL62 5HD,01523-372834,spomarico@hotmail.com
c9136f2b-44dc-45e6-be12-41e1f74e842c,Charlie,Isita,"Sotorrio, Rene A Esq",39 Hooton Place,"Neilston, Uplawmoor and Newton",East Renfrewshire,G78 3AB,01295-844061,charlie@isita.co.uk
d2478f51-8e5e-4601-b124-dd16a7c9e1f7,Veronique,Nuckolls,Cinemax Cable Pay Tv Svce,198 Ranelagh Place,Central Buchan Ward,Aberdeenshire,AB43 6RD,01632-762032,vnuckolls@gmail.com
9ff68a5b-54a7-45f1-9c6b-0a5ea81e85a6,Antonio,Villamarin,Combs Sheetmetal,353 Standish St #8264,Little Parndon and Hare Street,Hertfordshire,CM20 2HT,01559-403415,antonio.villamarin@gmail.com
e7267e75-78dd-4e1e-a621-8bb6d736f313,Louvenia,Kincannon,"Fineshriber, Marilyn Esq",87 Eldon Place,Read,Lancashire,BB12 7RY,01315-409372,lkincannon@kincannon.co.uk
58ae8a11-463a-4a85-9f9d-7edbb52ef819,Roxanne,Hedegore,"Wallace, Bruce R Esq",592 Catharine St,Blantyre Ward,South Lanarkshire,G72 0RZ,01317-299836,roxanne_hedegore@gmail.com
e6f675e8-bbbc-4413-a051-2b369d270b25,Eve,Hoffstot,Domestic Intrntl Techlgy Ltd,1661 Arrow St,Kirk Hammerton,York,YO26 8DA,01746-129962,eve.hoffstot@yahoo.com
c83e37cd-68aa-4dc4-9691-16ec7a911e19,Kenda,Koza,General Bindery Co Inc,7 Netley St,Custom House Ward,Greater London,E16 3DP,01840-188852,kkoza@koza.co.uk
31ca52e0-b454-4533-b332-e4ee8a0fd809,Elden,Mercik,"Lee, Stan Dvm",7 St Edmonds Rd,Nonington,Kent,CT15 4HH,01539-784239,elden_mercik@mercik.co.uk
e57c5934-059d-4d8f-a9cd-20f3abd7edcc,Kami,Ferre,"Chomsky, Charles Esq",6996 Wrenbury St,Foleshill Ward,West Midlands,CV6 5RS,01775-876516,kami@yahoo.com
a2b23df3-1923-4bc2-857c-7ae766a51ab3,Selene,Zeng,Dustbooks,2 Prince Rupert St,West Wickham Ward,Greater London,BR3 6SX,01741-833047,selene@yahoo.com
648f47bb-9e75-4314-b94d-121b09e77213,Deangelo,Rardon,Ric Lo Productions Ltd,9970 Clyde Rd,Woodham Ward,Surrey,KT15 3NW,01748-535438,deangelo_rardon@yahoo.com
24561fed-edbd-47f3-a3f4-92e943587da1,Olen,Ailey,"Shohet, Grace C Esq",9 Fielding St,Wombourne,Staffordshire,WV5 0BB,01654-865551,olen@gmail.com
91b1812f-2d29-4440-9664-8102c84e5943,Lanie,Smarsh,Lbt,555 Ludlow St,Trowbridge,Wiltshire,BA14 9JB,01973-841918,lanie@yahoo.com
92e16d17-3f29-44fe-b18d-084bf17aad5d,Lynna,Breheny,Wky Am 930 Stereo,1 James St #4,St. Andrews Ward,Fife,KY16 9EE,01914-909214,lynna@yahoo.com
dd71d862-7aee-4304-b86e-a49bc955e9a3,Jody,Klitzing,Dan Dee Belt & Bag Co Inc,3 Byng St #524,Pinhoe Ward,Devon,EX1 3SF,01822-390245,jody_klitzing@hotmail.com
841c4bbf-3729-460e-b6ef-fdd8ed44aab1,Antonio,Glasford,Saint Thomas Creations,425 Howley St,Gaer Community,Newport,NP20 3DE,01463-409090,antonio_glasford@glasford.co.uk
c3584ac1-c24f-4be9-87db-4ec6385c20e3,Merilyn,Scurci,New York C Liquidators Inc,4041 Virgil St,Headley,Surrey,KT18 6PZ,01770-233355,merilyn_scurci@hotmail.com
1ce0f21a-b3e3-44ee-8a17-214769d9b229,Elliott,Kins,John Noda A Law Ofc Lawrence E,32 High Park St #44,St. Margarets with St. Nichola,Norfolk,PE30 1QE,01727-926540,elliott@gmail.com
6299a9dc-6b22-4563-a0cf-2fd6f6e67a58,Leonie,Devereux,Mr Bar B Q Inc,88 Vernon St,Dunbar and East Linton Ward,East Lothian,EH42 1SJ,01515-840778,leonie_devereux@gmail.com
ead49d2a-71bd-4fd0-8c5f-e776964c293b,Eulah,Syrop,Atec,62 Euston St,Bunhill Ward,Greater London,EC1Y 8RT,01666-133305,eulah@syrop.co.uk
67d0d816-cb37-4d2d-a739-7f5e01e3fdf8,Marsha,Tarry,Allgood Industries,74 Medlock St,Chorlton Park Ward,Greater Manchester,M20 1JG,01203-684728,marsha.tarry@yahoo.com
5b78d6a7-a0ac-490b-9cfd-5e5744c77a77,Mignon,Luger,National Lime Association,80 Talbot St,Edgeley and Cheadle Heath Ward,Cheshire,SK3 9RD,01934-252795,mignon@gmail.com
3c40aa1d-afe3-4a6e-88b5-2d6427994fac,Tu,Rivet,Gemini Hats & Accessories Inc,31 Buckingham Ave #3785,Cotham Ward,Bristol,BS6 5SR,01578-744350,tu_rivet@gmail.com
eaf8f33b-8336-48d3-a937-53f8bf5c484f,Adelle,Schantini,Creative Photography Inc,162 Grayson St,Greenlands Ward,Lancashire,FY2 0TD,01624-595660,adelle_schantini@yahoo.com
adc67c01-ecd0-4086-8e87-72188fb14ca0,Douglass,Fonnesbeck,"Goodspeed, Paul E Esq",5 Webb St #8,Boothen and Oak Hill Ward,Stoke-on-Trent,ST4 1EB,01305-958705,douglass@fonnesbeck.co.uk
74084c08-75f8-4c26-b3c4-999c41c29957,Evette,Mazierski,Consolidated Aluminum,8092 Firdale Rd,Stoneygate Ward,Leicester,LE5 5RE,01277-740331,emazierski@mazierski.co.uk
b1ca59e2-bb6f-4005-a65a-a65527855270,Geraldo,Okoren,Guadalajara Bar & Grille,68 Carno St,City and Hunslet Ward,West Yorkshire,LS10 1SJ,01374-376226,gokoren@okoren.co.uk
9d01b820-c538-425c-ad00-f06aa34eb055,Clarinda,Pelayo,Tejas Loans,714 Moored St,Trelawnyd and Gwaenysgor Commu,Denbighshire,LL18 6DH,01902-887021,cpelayo@pelayo.co.uk
8d55815b-e201-4202-9fe4-bfbbc345b35d,Reuben,Mccorrison,Kyes Tv Channel 5,545 North John St,Cobham and Downside Ward,Surrey,KT11 2HT,01337-407282,reuben.mccorrison@hotmail.com
21d64498-f3d2-4575-b053-4b0305e69f61,Yen,Groody,Daily Advance,21 Pilgrim St,Leighton-Linslade,Bedfordshire,LU7 2NZ,01882-911812,ygroody@groody.co.uk
dfd00cbc-2eb7-4f78-a966-e967dbec92a7,Tanja,Milne,Austin Periodical Services,9772 Teilo St,Hetton,Tyne and Wear,DH5 0PH,01584-615989,tanja.milne@yahoo.com
250f244e-48fe-42bf-9709-c2887ab6c905,Jerlene,Holtgrewe,Granite Construction Co,33 Fonthill Rd,Hodge Hill Ward,West Midlands,B36 8JE,01993-956208,jholtgrewe@yahoo.com
8c31e7b9-748e-464d-9012-44c70ffcc0da,Almeta,Keehner,"Hoolahan, Catherine G Esq",3 Ivyleigh,Loundsley Green Ward,Derbyshire,S40 4LW,01291-250423,akeehner@hotmail.com
5cc1ae75-d9be-4ebb-9196-b28455f2a45b,Wilda,Brigham,Morelli Hoskins Ford,501 Sandon Terrace #200,Little Clacton,Essex,CO16 9LZ,01950-109108,wilda@brigham.co.uk
ab2fdf5e-0cea-4764-ab92-d293ee9c0f46,Remedios,Arlinghaus,"Miller, Martin M Esq",9 Duckenfield St,Aldbrough,E Riding of Yorkshire,HU11 4QA,01536-498792,remedios.arlinghaus@gmail.com
84e7b7fc-8cc3-498d-9f52-a29d831c3cbd,Margret,Alcazar,Advantage Title & Escrow Inc,5466 Sedley St,Coatbridge South Ward,North Lanarkshire,ML5 4LJ,01626-590776,margret@alcazar.co.uk
f5f085e6-5bd0-4c88-a288-117dd475c9b3,Denny,Casalenda,Ringo International Inc,75 Brewster St #453,Redlands Ward,Berkshire,RG1 5EX,01349-134533,dcasalenda@gmail.com
5be8ae1f-49f7-46a7-b49c-ed962ea332c9,Carolynn,Atkison,Dorval Trading Co Ltd,7901 Beech St,St. Helier Ward,Greater London,SM4 5PY,01815-665993,carolynn.atkison@hotmail.com
9aa37b3f-a880-4fd8-9ff3-73066dfeec35,Amina,Goulbourne,Poag Grain Inc,684 Cotswold St,Victoria Ward,Greater London,E9 7NG,01536-114519,amina@yahoo.com
bc5a8f9e-85b8-46e8-92e3-15688285586f,Janna,Przybyl,Southwest Ms Shopg Bag,5 April Rd #13,Wheatley Ward,South Yorkshire,DN1 2TU,01684-628072,jprzybyl@przybyl.co.uk
6ce023bb-0226-405b-aba2-6059276bcbd0,Emiko,Sayre,Scott Marlow Agency,8 Village St,Windlesham,Surrey,GU18 5YQ,01660-135336,emiko.sayre@yahoo.com
90e98bec-79f6-4b8a-854a-4e4880493ea0,In,Muns,Nursefinders,7 Haddock St #34,Saint Annes on the Sea,Lancashire,FY8 3TF,01574-363346,in_muns@muns.co.uk
8c25b866-54d6-42bb-b9bf-959a5db87b74,Eleni,Vanscoik,"Simpson, Fred B Esq",9 Mather St,Sutton Vesey Ward,West Midlands,B73 6HH,01208-373467,eleni_vanscoik@gmail.com
b8deb1e1-351f-4782-8594-cb7bce6589b4,Kandis,Alsbury,Fast Cash,70 Rose Vale,Reydon,Suffolk,IP18 6PE,01797-837270,kalsbury@hotmail.com
e1f326ea-c2b8-407a-aea9-cbcb02311b0f,Kina,Saltman,Mitchell Silliman Co Inc,29 Oregon St,Ruddington,Nottinghamshire,NG11 6JT,01515-506025,kina_saltman@gmail.com
855bf8b1-f0f7-4949-9319-4df0c2ae1fba,Jacki,Sterback,"Praver, David L Esq",15 East Albert Rd,Kingston Bagpuize with Southmo,Oxfordshire,OX13 5AW,01820-396117,jacki.sterback@gmail.com
97da2326-e465-4045-b36c-66bc06f482c2,Fallon,Kerfoot,"Rotenstreich, H Andrew Esq",3186 Naylor St,Manor Castle Ward,South Yorkshire,S2 1HP,01538-649750,fallon.kerfoot@gmail.com
6de4d4ac-aa3f-4b33-ab6f-f8f5887d58ee,Precious,Brabble,Sigmacom Corporation,9 Herbert St #77,Shenley,Hertfordshire,WD7 9AQ,01687-288043,precious_brabble@brabble.co.uk
6f281cfc-ce18-475e-93db-3fbb45bf5569,Glory,Ona,Real Isle Properties,9830 Croxteth Rd,Pontefract North Ward,West Yorkshire,WF8 3YR,01469-868357,glory_ona@gmail.com
94d6412d-d3b6-4fb5-860a-cf114a4c6a8c,Tamesha,Tyburski,"Liss, Amy Esq",1054 Gladys St,Bellshill Ward,North Lanarkshire,ML4 3EJ,01954-979729,tamesha.tyburski@gmail.com
6789ae89-8f5b-4e8e-8c7a-c0e1dd02e080,Brande,Cutlip,Real Estate Appraisals Inc,921 Douro St #1520,Rhoose Community,Vale of Glamorgan,CF62 3HN,01947-472569,bcutlip@yahoo.com
1ace1f07-402b-40a3-88b2-a9ef41c0cf2c,Olene,Skubis,"Luby, Joseph K Esq",180 Frodsham St,Grovehill Ward,Hertfordshire,HP2 7BD,01250-453315,olene_skubis@yahoo.com
c6a37627-3506-454e-b2a8-a25b99f7c705,Carey,Marchetta,New River Tire Company Inc,7217 Edge Grove,Sharston Ward,Greater Manchester,M22 4ZB,01750-379103,cmarchetta@hotmail.com
f42fccb4-51b6-42a9-8870-762a686adf12,Launa,Torez,"Farber, Mindy Esq",12 Gelling St,Trossachs and Teith Ward,Stirling,FK16 6DU,01670-547878,launa.torez@yahoo.com
d59f8bbd-a313-45f1-b928-c193cef4807f,Dominga,Whitrock,"Nohr, Katharine M Esq",763 Roscoe St,Lobley Hill and Bensham Ward,Tyne and Wear,NE11 0AN,01341-700830,dominga@whitrock.co.uk
289d404d-07b1-45d1-afdc-6c63ebcd9b2a,Dwight,Belyea,Skuttle Mfg Co,419 St Andrew St,Tibberton,Hereford and Worcester,WR9 7NS,01822-404490,dbelyea@belyea.co.uk
a7c68b15-87d2-4b3a-bde0-01114ccd5ded,Cornell,Mccrossin,"Cheek, John D Esq",623 Cornhill,Stretton,Staffordshire,DE13 0DH,01608-748971,cornell.mccrossin@mccrossin.co.uk
354e31c0-2456-4ddd-92c6-f287092bba6c,Alverta,Topete,National Catholic Reporter,328 Havelock St #61,Addlestone Bourneside Ward,Surrey,KT15 2NL,01685-141932,alverta.topete@gmail.com
8c987f98-25c6-4018-a4c2-6b202e596270,Felicia,Claybrooks,Strescon Industries Inc,1056 College St South,Chester-le-Street North and Ea,County Durham,DH2 2JZ,01722-395799,felicia@claybrooks.co.uk
77f822a0-47bc-4411-822f-1a4f0bc6de6d,Carmen,Gillham,"Norda, Beth Dorsey Esq",11 Denison St #7,Orford Ward,Cheshire,WA2 9QB,01692-491267,carmen@hotmail.com
38e0965a-5f1c-434a-a0a8-e354eca8480d,Ashlee,Beyl,Indiana Electronics Corp,30 Daulby St,Brympton,Somerset,BA20 2EJ,01832-837946,ashlee.beyl@hotmail.com
3d56905f-4ce5-4d73-92e7-61874a81356a,Vannessa,Land,Port Delivery Systems,201 Bran St,Ashford Common Ward,Surrey,TW15 2AJ,01206-207771,vannessa.land@yahoo.com
ed056ff1-b9b6-4e46-86b0-d146cd639ba4,Patti,Rempel,"Meder, Randy F Cpa",1346 Vandyke St,Hove Park Ward,Brighton and Hove,BN3 6NS,01539-157435,patti@rempel.co.uk
6e4c6bbd-1443-4a92-aa2f-f87308a7f422,German,Meyerhoff,S M Copiers,883 Howe St,Clayton-le-Moors Ward,Lancashire,BB5 5TJ,01790-887225,german@meyerhoff.co.uk
5e72ddba-e8fb-414c-bd4c-cb2e5b7b6a4a,Anika,Marse,Milton Terry Associates,231 Wordsworth St,Harrow Weald Ward,Greater London,HA3 6TH,01942-654793,anika@marse.co.uk
2cd15385-ac2e-4d95-859e-c5d090a7d9f4,Cristina,Marola,Pro Img Mktng & Pub Rel Inc,2449 Amberly St #6364,Temple Newsam Ward,West Yorkshire,LS15 0PQ,01264-145506,cmarola@gmail.com
493daf26-298b-4481-a023-3a578fcb32b8,Lemuel,Allis,Computer Security Cnslnts Inc,8430 Shadwell St,Great Barr with Yew Tree Ward,West Midlands,WS5 4SU,01580-252868,lemuel_allis@yahoo.com
923302ee-4165-4418-a79c-735d1a65c673,Joaquin,Hysom,Sport Toyota,115 Lister Rd,Barnfield Ward,Lancashire,BB5 2EY,01616-548910,jhysom@gmail.com
8f1d5bf7-81a2-4b21-a556-4a936b19b36f,Kerrie,Makuch,Kinkos Copies,7855 Sir Thomas St #7499,Calstock,Cornwall,PL17 8AR,01854-749084,kmakuch@gmail.com
a4f389bc-4c44-49db-94f7-0a9c77e66fa7,Alaine,Raterman,Putnam Co Inc,1 Milton St,Little Missenden,Buckinghamshire,HP16 0DH,01927-151413,alaine@hotmail.com
8e1d2820-6cfc-4c5f-8b99-be232a8ace0b,Shannon,Kobayashi,Hungs,1111 Nesfield St,Tonge with the Haulgh Ward,Greater Manchester,BL2 2SU,01620-435994,shannon@yahoo.com
a1676a85-ebc0-4786-8107-188718c84df7,Corinne,Holman,Herculite Mason Supply Inc,1831 Richards St #8,Berkhamsted,Hertfordshire,HP4 2AF,01933-753592,corinne@holman.co.uk
578d9377-14ee-44c0-9420-bf6c06839cd7,Heidy,Hallford,New England Die Co Inc,8054 Low Hill,Prestbury,Gloucestershire,GL52 3BY,01958-748582,hhallford@hotmail.com
732cd79f-c8a0-45d5-8272-b3e23fd085ae,Marylyn,Shonerd,Barker Electronics,7252 Dansie St,East Finchley Ward,Greater London,N2 9JL,01721-694690,marylyn_shonerd@yahoo.com
61dcc701-ac1e-4f2b-ba9c-e8623574a131,Maryln,Mortenson,"Mullins, Glen Esq",76 Paulton St,Lancaster Gate Ward,Greater London,W2 3JT,01618-628525,maryln@gmail.com
06fa7c81-d25f-4850-ad8e-dfedefc8e009,Pearlie,Flori,Marine Safety International,4 Cochrane St,Iwade,Kent,ME9 8UJ,01235-935599,pearlie_flori@gmail.com
6ccbe186-469c-4fc4-b1ab-8ce0f38593aa,Nina,Yaklin,Ramm Metals Inc,5679 Gloucester Pl,Calton Ward,Dunbartonshire,G40 4BH,01434-621318,nyaklin@hotmail.com
5e7ec071-e177-49ac-a91d-1d240457bcd2,Vivienne,Torrain,Finley Colmer & Co,45 Ledward St,Wilsden,West Yorkshire,BD15 0NJ,01782-100832,vivienne@hotmail.com
b0acf2fc-eb5a-4258-810e-e9682ece035f,Jacob,Kippel,Acc Automation Inc,4 Monmouth Rd,Llwyn-y-Pia Community,Rhondda Cynon Taff,CF40 2JJ,01550-463222,jacob.kippel@yahoo.com
98a3670e-ce6d-4a49-9630-d6328b770cd0,Tula,Nahmias,"Anstoetter, Mark D Esq",64 Croyland St,Clackmannanshire South Ward,Clackmannanshire,FK10 2LA,01846-815511,tnahmias@nahmias.co.uk
34fa2eea-4af8-40fa-b661-5c616890a159,Berry,Scandalis,American Fine Foods Inc,4 Vivian St,Corporation Park Ward,Lancashire,BB2 6LB,01379-603039,berry.scandalis@gmail.com
5743bd68-0c4c-42a7-b27a-741798cbc9b7,Kaycee,Carsten,Dohn Law Offices Inc Ps,35 Dublin St,Cirencester,Gloucestershire,GL7 2EY,01270-893129,kaycee.carsten@gmail.com
62543b1c-2495-40d5-a863-de2d367dca5d,Melvin,Setter,Rex Internatl,87 Pickup St,Franche Ward,Hereford and Worcester,DY10 2ZQ,01401-151569,melvin_setter@setter.co.uk
4a57e21a-3056-4a55-ba55-d6e5eab109cf,Brianne,Matsumura,Bender & Associates,7 Cottenham St,Mossend and Holytown Ward,North Lanarkshire,ML1 4TD,01519-417660,brianne@matsumura.co.uk
27be1577-039b-4674-85e9-4c1c70d92457,Eugene,Pelzer,Fashion Corner Inc,622 Holmes St,Heath Town Ward,Staffordshire,WV10 0AW,01839-920108,eugene_pelzer@gmail.com
238eeb30-f8de-4437-bc42-fc090b5150b7,Margery,Rohrs,C G Mccullough Insurance Agcy,40 Peters Lane,Long Preston,North Yorkshire,BD23 4NF,01634-340524,margery@hotmail.com
0a71d3eb-889c-47da-8fb5-743912674436,Noel,Sarra,Orkin Exterminating Co Inc,2 Cockburn St,Seaham,County Durham,SR7 0AR,01868-736780,nsarra@gmail.com
d8c01c44-94bd-40e6-9977-d797ca63997e,Beula,Lingo,Bauer Coatings,65 Oban Rd,St. Austell,Cornwall,PL25 5AH,01322-144392,beula_lingo@yahoo.com
7d351564-816b-4f2f-bdb6-830069c335c2,Sheridan,Mckenize,Word & Image Workshop Inc,31 Davy St,Aveton Gifford,Devon,TQ7 4NF,01512-765064,sheridan.mckenize@hotmail.com
5a58aea2-f391-4d73-8c30-cf8f774970af,Dino,Meinert,Container Decorating Inc,80 Ellerslie Rd,Trotton with Chithurst,West Sussex,GU31 5JN,01802-634391,dino.meinert@yahoo.com
1894a4cc-2449-45f8-b032-5bfc6f5c6e89,Rebbeca,Rubinstein,"Cullen, Jack J Esq",4 Sherwood St,Speke-Garston Ward,Merseyside,L24 6SH,01708-724957,rebbeca_rubinstein@hotmail.com
43abbae1-0e7a-4cd9-97a0-103c5b1b182f,Celia,Reisling,Bridger Valley General Store,8362 Whithorn St,Leatherhead South Ward,Surrey,KT22 8AP,01309-159593,celia.reisling@hotmail.com
13dfdafa-dea8-415a-8981-0f32057575c2,Stefania,Weatherwax,Robert Vance Ltd,25 Dale St #2,Kirkintilloch East and Twechar,East Dunbartonshire,G66 3LX,01698-705920,sweatherwax@yahoo.com
f7c46dc0-07c1-4a27-a901-5bee2fe246d3,Leah,Luchterhand,Safeguard Chemical Corp,68 Scotland Place,Loughborough Hastings Ward,Leicestershire,LE11 2NX,01777-851028,leah@hotmail.com
41b8a9da-1a1d-41c3-a4dc-15f498c7a9a3,Billy,Selma,Taylor Inn,338 Alfonso Rd,Alphington Ward,Devon,EX2 8LL,01270-345115,billy.selma@yahoo.com
fea9c42d-9f3f-4e52-8703-3abcd16ad25c,Doug,Lucore,"Barr, Albert S Iii",65 Rankin St,Woodford cum Membris,Northamptonshire,NN11 3QR,01943-467489,dlucore@yahoo.com
2eba5d7b-4ec4-4df5-adec-8f2a5a34b149,Veronica,Mcclodden,Las Vegas Art Museum,8 Cookson St,Temple Newsam Ward,West Yorkshire,LS15 9EP,01456-906658,veronica@hotmail.com
0002a71f-5bec-4df2-8b1a-3ba38b27f03a,Laquanda,Kho,Bayou Welding Works Inc,7 Lockhart St,Billesley Ward,West Midlands,B14 5HS,01725-370369,laquanda.kho@yahoo.com
c225de74-74be-4359-82f1-1de6629a4b97,Mohammad,Poitra,"Kenyon, William R Esq",363 Vandries St,Milton Ward,Essex,SS0 7TF,01705-240007,mpoitra@yahoo.com
02748073-dcf9-4817-a793-c067e5b96ffc,Mozell,Westad,Fox Vision Center,8 Gertrude St,Mossley,Greater Manchester,OL5 0QJ,01348-989703,mozell.westad@westad.co.uk
ea4e3e59-0944-4fec-ba5e-8754c1b748e5,Bronwyn,Bridgford,Edgemere Finance Company,826 Rumney Rd West #7,Dingwall and Seaforth Ward,Highland,IV15 9SD,01407-312329,bronwyn.bridgford@yahoo.com
1b904b68-511b-4754-be5b-8ac774a319fe,Jeff,Brossoit,Jeh Construction Co,954 Madelaine St,Central Ward,Wiltshire,SN5 8WG,01593-501965,jeff.brossoit@yahoo.com
7167b275-7ee1-4329-95b7-ade95d7d5fe0,Shantay,Hopman,Smith & Dekay Ps,7602 Brook St #86,Broomhill Ward,Nottinghamshire,NG18 9SZ,01516-850881,shopman@hopman.co.uk
15254da6-ab1d-4b25-88ec-3005dc320fd8,Chantay,Jirsa,Posey Company,966 Bower St,Frimley Green Ward,Surrey,GU16 9BB,01721-910475,chantay_jirsa@jirsa.co.uk
55f99a0c-47f7-49ef-aaf4-905c72ce4818,Keneth,Stpierrie,Mueller Repro Blue Printg,2 Seacombe St,Littleborough Lakeside Ward,Greater Manchester,OL15 0JP,01919-731224,keneth_stpierrie@hotmail.com
17c9ba23-3a2f-4929-9d6f-bb6f6327b457,Alton,Rampy,Reliable Metalcraft Inc,83 Battenburg St,Girvan and South Carrick Ward,South Ayrshire,KA26 0DY,01767-568989,alton_rampy@gmail.com
ed0915a0-e139-4f0a-941f-ea382b832b96,Patrick,Teisberg,"Dworkin, Michael L",2 Whitefield Rd,Leigh-on-Sea,Essex,SS9 2DJ,01842-131065,patrick@hotmail.com
7692ec89-2dfd-4125-8eb6-a9ea8e8790cc,Theron,Merriam,"Percival, Mark R Esq",869 Luke St,Wonersh,Surrey,GU5 0QU,01655-809574,theron@merriam.co.uk
fbc46ea2-7a0c-48bb-8af6-2a3e459a0a04,Pilar,Seelig,Demer Normann Smith Ltd,4 Ogwen St,Chichester,West Sussex,PO19 9PF,01356-866584,pilar@yahoo.com
22fcee98-895d-4ee1-a665-2fb0584acc90,Lashunda,Argiro,Kluza Associates,205 Forge St #4021,Stainburn,North Yorkshire,LS21 2LS,01422-728149,lashunda@yahoo.com
9d475da3-e13a-469b-ac79-b8c3c50438d4,Verda,Chiphe,Ardrox,999 Upper Harrington St #61,Earlestown Ward,Merseyside,WA12 9WX,01754-426672,vchiphe@chiphe.co.uk
d08abb9d-e103-42b1-b7c7-5b420dd9ff76,Ashley,Tropp,Everythings A Dollar,3 Greenleaf St #5644,Blyth,Northumberland,NE24 2RY,01951-324927,ashley.tropp@gmail.com
e7fb8032-c7a2-47e0-8b6d-82d08cc781c3,Vesta,Havely,Tool Service Company Inc,493 Wellington Rd,Upper Rawcliffe-with-Tarnacre,Lancashire,PR3 0UH,01772-461124,vhavely@havely.co.uk
2d784fb9-2361-4af0-ade7-fc0c6a30667c,Emogene,Ritthaler,Mcdonald Service Station,1257 Stone St,Northwood Ward,Greater London,HA6 1AN,01681-212638,emogene.ritthaler@yahoo.com
4c4d5d00-43df-4e80-a953-4e75c52b4ed2,Shayne,Mordhorst,Don Allen & Associates Pa,1 Bousfield St,Shrewsbury,Shropshire,SY3 8NG,01286-279043,smordhorst@mordhorst.co.uk
db3cd995-39df-4991-be48-a16ceceabed8,Franchesca,Charry,"Cappello, A Barry Esq",59 Westminster Rd,Empress Ward,Hampshire,GU14 8AY,01748-827176,franchesca@gmail.com
3eb87885-95d6-464c-bceb-d66d17d01c54,Elmira,Ringlein,"Hyland, Richard S Esq",143 Clark St #802,Halliwell Ward,Greater Manchester,BL1 2PS,01934-672498,eringlein@gmail.com
dd0399cb-46b6-49ac-8ce6-47a2dd6e9070,Destiny,Madlem,Diesel Recon,421 Monument Place #44,Hartburn Ward,Stockton-on-Tees,TS21 1BA,01421-624966,destiny@yahoo.com
420c7415-7a6c-47a8-b70e-f3f9ad747773,Gaston,Szumski,Red Giant Foods Inc,8 Gullett St,West Garioch Ward,Aberdeenshire,AB51 0HT,01651-911453,gaston.szumski@hotmail.com
768c44be-c2fa-49ad-bdf2-9e895ca1bfae,Ronna,Mittler,Bethesda Gazette,2767 Pembroke St #979,Roundway,Wiltshire,SN10 3FQ,01214-651738,ronna_mittler@hotmail.com
77779ffa-946c-4587-b85d-d0e388d1a2af,Angelica,Poisso,Chemical Consultants,47 Orry St #8243,Castleford Central and Glassho,West Yorkshire,WF10 4DW,01472-449327,apoisso@gmail.com
8c4c0064-8c66-4a18-9f00-6b73a73643e2,Casie,Arzilli,Wenatchee Valley Fed Crdt Un,5 Noon St,Melton Dorian Ward,Leicestershire,LE13 0RG,01289-195823,casie@gmail.com
2564fab1-1094-4d44-84bf-e168a01f0895,Magdalene,Cocherell,Southern Interiors Inc,510 Belvidere Rd,Patching Hall Ward,Essex,CM1 4BY,01546-162965,magdalene_cocherell@yahoo.com
a7a3fe8d-6a1c-4bfa-ab47-79ab71d051dc,Erasmo,Gath,Pan Optx,860 Rokeby St,Sunningdale,Berkshire,SL5 0AZ,01445-796544,egath@hotmail.com
b7154e3d-3568-4b79-94e2-e9e90b84a07c,Rosalia,Ziv,"Arias, Michele Ann Md",9362 Solomon St #97,Castle Ward,Northamptonshire,NN8 4DR,01414-349699,rosalia.ziv@ziv.co.uk
dbff2c0c-3fd2-4f54-9395-a8132ef7a269,Lyda,Cronholm,Print Shop,916 Strand St #4753,Leek,Staffordshire,ST13 5AW,01672-538356,lyda.cronholm@cronholm.co.uk
74169de0-cfd7-493c-ba22-f7b7bf1306d7,Lisandra,Stueber,Wstu 1450 Am Radio Station,5 Bentinck St,Churchill Ward,Greater London,SW1V 3EW,01831-806301,lisandra_stueber@hotmail.com
65338a48-4d07-44a3-9a46-348239821c08,Sabina,Prok,T J Ward & Associates Inc,954 Birchdale Rd,Aspley Ward,Nottinghamshire,NG8 5PY,01932-112259,sabina.prok@prok.co.uk
1ffb640f-653a-4afa-9842-47c16e1599ba,Elenore,Gomoran,Bell Service Systems Inc,7 Great Orford St,Callington,Cornwall,PL17 7DT,01470-383444,elenore_gomoran@yahoo.com
d500d91f-4daf-4767-ba91-7289581feebf,Brynn,Capra,Magic Valley Irrigation Supply,488 Mulberry St,Ravenshead,Nottinghamshire,NG15 9AE,01963-124789,brynn_capra@yahoo.com
ecd3153c-f433-43bc-9335-c034974f0039,Leeann,Flory,Fleetwood Area School District,1761 Johnstone St,Church Langley Ward,Essex,CM17 9TZ,01906-807997,leeann@gmail.com
3b0add58-85fd-4aa0-afff-d6eda4e56f74,Janet,Steimer,Alaska State Troopers,8899 Mere Lane,Midlothian West Ward,City of Edinburgh,EH20 9SJ,01506-627051,janet_steimer@hotmail.com
e63926b6-f403-425f-b7a0-fad7743058ff,Lewis,Mellom,Lasting Impressions,6 St Hilda St,Central Ward,South Yorkshire,S1 1EQ,01954-643657,lewis@yahoo.com
373853d4-5329-4cb0-b0ef-bb17139ffe9b,Jestine,Driscol,Glass Express,2725 Underley St #6452,Grangemouth Ward,Falkirk,FK3 8UB,01257-928278,jestine_driscol@driscol.co.uk
0652ac12-ca69-4e41-8dd1-8bff95ea3d51,Tatum,Parks,Quantum Consultants Inc,6061 Back Nile St,Rhos-on-Sea Community,Conwy,LL28 4NL,01567-457572,tparks@parks.co.uk
6d11d4a5-a15d-4fad-b807-63a437e9996a,Kayleigh,Bendle,J A Associates,9735 Linton St #2284,Kingswells,Aberdeenshire,AB16 7RW,01312-772111,kayleigh.bendle@bendle.co.uk
bc34f2ee-4e48-444d-8be8-2bcb7d08ede3,Lili,Imondi,Ide Haigney & Radio,9 Herbert St,Blyth,Northumberland,NE24 3DQ,01600-986258,lili_imondi@hotmail.com
e2a5d205-6b95-4c7b-9abf-ab1b17c94cec,Sunshine,Senechal,"Dale, George F Esq",40 Cairo St,Warwick,Warwickshire,CV34 5LQ,01416-686933,sunshine.senechal@hotmail.com
b45dea0f-b14e-4c45-ad9b-3ca47f8b5383,Remona,Heier,M A C Insurance Agency,7199 St Clare Rd,Inverclyde South Ward,Inverclyde,PA16 7BT,01718-274321,remona.heier@heier.co.uk
20cec4d1-36f8-486d-a180-dd54b933ee60,Gail,Carris,Audrey M Borland Studios,6 Conyers St #3346,Hamilton South Ward,South Lanarkshire,ML3 7TE,01292-196869,gcarris@hotmail.com
e945798f-befe-42fd-ae71-d61724c10646,Dong,Oropeza,"Mayo, Timothy L Esq",8657 Cedar St #2,Kinross-shire Ward,Perth and Kinross,KY13 8EQ,01573-788734,doropeza@hotmail.com
d8d2f125-dbc6-470b-aca7-753893aaaf00,Larue,Ocacio,"Hollett, Byron P Esq",8 Jacob St,Daybrook Ward,Nottinghamshire,NG5 6JB,01577-443040,larue@yahoo.com
a51b6c44-dde3-4155-871f-445d1761dca9,Goldie,Sonkens,Veri Nu Products Corp,6174 Botanic Pl,Ravensthorpe Ward,Cambridgeshire,PE3 7BJ,01867-720033,gsonkens@sonkens.co.uk
47bc76f3-35cc-42d7-b299-fff6d64890e1,Shelia,Plues,"Schen, Sanford E Md",9730 Dunnet St,Silloth-on-Solway,Cumbria,CA7 4RB,01818-260618,shelia@gmail.com
36cd5aa9-33d0-43c7-98d2-c6cb93c1dd46,Narcisa,Araiza,Danka Business Systems,8783 High St,Milton,Cambridgeshire,CB24 6ZR,01724-644767,naraiza@hotmail.com
4d83762f-ae59-4c58-b44e-b8ca30bda8a2,Evelynn,Frede,"Hasselberg, Michael R Esq",8 Breckfield Road North,Seaham,County Durham,SR7 0AZ,01289-621482,evelynn.frede@gmail.com
6560eaa1-cbd3-484a-bfab-1bb6d526a37f,Arlean,Calaf,Ed Miniat Inc,82 Waterhouse Lane,Llantrisant Community,Rhondda Cynon Taff,CF72 8LB,01448-395723,acalaf@yahoo.com
13e3c1bd-2178-4cd3-8d49-0c01ee03b3b6,Tamra,Yu,Davis Commercial Contracting,2 Park Rd Walton #4338,Lansdown Ward,Gloucestershire,GL50 2LF,01891-816938,tamra.yu@hotmail.com
41e42dcc-1b9e-44d5-9cc5-87b8a30d02c9,Dusti,Maricle,"Garton, Jeffrey P Esq",59 Charles St,Victoria Ward,Kent,TN23 4GF,01642-202972,dusti@gmail.com
0b4e9387-d05e-4f7a-be60-fb9af91f8342,Aracelis,Donham,Sm Toth Baldridge & Van Belkum,593 Kinglake St,Fowlmere,Cambridgeshire,SG8 7TP,01924-111018,aracelis.donham@hotmail.com
edb107bf-14a2-4c7b-b0d8-d3f4838821cd,Filiberto,Fredrikson,Westoaks Glass,404 Aigburth St #4246,Audley Ward,Lancashire,BB1 2AA,01559-323337,filiberto_fredrikson@gmail.com
4f6d2155-2392-430a-990d-d290bbce3bcc,Leana,Stackpole,Direct Tools & Fasteners,690 Copenhagen Rd,Warham,Norfolk,NR23 1NJ,01248-325090,lstackpole@yahoo.com
e2583b6d-0eaf-43cd-a2a0-20ecd6597fbb,Man,Homer,Applied Robotic Tech Inc,7 Canton St,Mildmay Ward,Greater London,N1 4RF,01590-219449,man.homer@gmail.com
a2a5ca8f-4445-4384-b9fd-eb9c2d0493b9,Lennie,Asley,Air Tech Streamlining,79 Pine St,Radcliffe West Ward,Greater Manchester,M26 1GH,01585-487560,lennie_asley@gmail.com
3d274ec9-c29c-4037-99bd-87e8255271a5,Arletta,Naomi,E Zaks & Co,9 Lodwick St,City and Hunslet Ward,West Yorkshire,LS1 8HZ,01255-805722,arletta_naomi@naomi.co.uk
5825803a-8f53-4869-995b-c00e9218a039,Chana,Perera,Olden Camera & Lens Co Inc,9 Ogwen St,Murdostoun Ward,North Lanarkshire,ML2 8LW,01477-796750,chana.perera@hotmail.com
9531efba-ee2f-4cfd-b219-7e6796a6f58f,Nell,Pao,"Madaus, Gerald F Jr",1730 Seymour St,Eastbrook Ward,Brighton and Hove,BN41 1QH,01308-582144,npao@gmail.com
702e8313-8f43-46ff-86de-dddd962da2c3,Antonio,Heilig,Radisson Suite Hotel,35 Elton St #3,Ipplepen,Devon,TQ12 5LL,01324-171614,antonio.heilig@gmail.com
b18715bc-afc9-49fc-8850-b3e3bba28d32,Gerald,Kernagis,Digital Solutions Inc,8 Hinton St #8241,Stowting,Kent,TN25 6BQ,01504-620944,gerald_kernagis@kernagis.co.uk
b2f78f20-96a2-419f-9006-2701b81038be,Sueann,Mandril,El Hispanic News,751 Stamford St,Werrington,Staffordshire,ST9 0AH,01886-226100,smandril@hotmail.com
251098cc-e94e-4fc4-aa2a-c84430fb188c,Alayna,Hoyal,South Bldg Code Congres,70 Royal St,Banchory and Mid Deeside Ward,Aberdeenshire,AB31 4AH,01964-720542,alayna_hoyal@hotmail.com
88d2ef81-b73d-4e2e-80e4-abe431ee0d66,Talia,Marthe,Kenney Mfg Co,5 Minerva St,Westbury,Wiltshire,BA13 3QR,01711-170147,talia.marthe@gmail.com
2d9d7aa5-41ea-4182-8570-432d97116b1c,Pansy,Kopan,Oncor Inc,1 Northampton St,Madeley,Shropshire,TF7 4GA,01674-842315,pansy@kopan.co.uk
36858bf3-6478-41e5-a1a5-2193649ad196,Royce,Saik,Best Western Caprock Inn,2 Maple Grove,Kincorth,Aberdeenshire,AB12 5EJ,01972-770618,royce@hotmail.com
a8d780d7-dccf-438b-929f-9c6e97609939,Cherelle,Sorrel,"Wiltgen, Nancy A Esq",794 Hook St,Benwell and Scotswood Ward,Tyne and Wear,NE15 7JA,01753-327307,cherelle_sorrel@gmail.com
961ae7e0-76b7-43c1-96ec-14d76afe6a64,Dudley,Dibartolo,"Mcknight, H Vincent Jr",91 Ludlow St,Woodhouse Ward,Greater London,N12 0EF,01997-409950,dudley_dibartolo@yahoo.com
ddcbbdfe-0d41-41f2-b75f-3266de8210a0,Nettie,Aldaco,Miller Searl & Fitch,51 Freehold St #224,Wheatley Ward,"Yorkshire, South",DN2 4PP,01388-974910,nettie.aldaco@yahoo.com
a3cdf3ce-2cef-4600-a120-55a055b4bbf4,Carline,Bulcao,"Brenner, Steven G Esq",7 Hey Green Rd #4,Rothwell Ward,West Yorkshire,LS26 8XE,01885-707109,carline@yahoo.com
62812854-a260-4c45-92d5-b72636e370b3,Shanda,Lunger,Western Packing Co,2476 Marsh St,Markhouse Ward,Greater London,E17 8NP,01329-303595,slunger@gmail.com
c547b93c-ddd7-4ea0-b732-2ed1511346ac,Emilio,Withers,Ardent Studios Inc,597 Threlfall St #72,Stokenham,Devon,TQ7 2HS,01523-697097,emilio_withers@yahoo.com
f2c5c4fc-3e40-426f-84d9-4d067fd75b3d,Lovetta,Study,Borton Petrini & Conron,1 Jervis St,High Barnet Ward,Greater London,EN5 4LH,01593-438141,lovetta@study.co.uk
35da7082-1ac5-40ca-94d9-9c5b043dfc42,Felice,Gone,A F Supl Co Div Automtc Firing,7602 Grantham St,Hexham,Northumberland,NE46 1QQ,01691-816025,felice.gone@hotmail.com
8a9547b1-0cc6-4167-b4f5-8950d389fd78,Stefania,Leadbeater,Murray Whisnant Architects,10 Carisbrooke St,Shorne,Kent,DA12 3ED,01706-546951,stefania_leadbeater@hotmail.com
d789ea73-6688-4726-9984-0d0992240fb7,Margarita,Orloski,1893 Shops,78 Pine Grove,Stannington Ward,South Yorkshire,S6 5HE,01215-422453,margarita_orloski@yahoo.com
a74d0bca-08b5-4fde-bfdc-9648c028a410,Paul,Farrin,"Dering, James E Esq",7 Varthen St,Town Ward,Kent,DA1 2DL,01407-775572,paul.farrin@farrin.co.uk
c99d2453-223c-47b0-ba53-a1bd0b80a0ba,Anglea,Tritten,Waltons Carson Gardens,8 Thomaston St,Astley Bridge Ward,Greater Manchester,BL1 8RG,01818-292728,anglea_tritten@hotmail.com
5e8259eb-f675-4e6f-b52c-2bad8d85fdc6,Ona,Bowhall,Cohen And Fromm Pc,527 Harding St,Market Rasen,Lincolnshire,LN8 3AD,01467-554624,ona@yahoo.com
aa7bd78d-76a5-47f4-9b82-673799782f29,Germaine,Hascall,Prg Company,1616 Menzies St #453,Tadworth and Walton Ward,Surrey,KT20 7PA,01366-388506,ghascall@hotmail.com
ecdd1bfa-741a-4074-b5cb-e5940ba6d0c4,Vicky,Schellenberge,Medlab Environmental Test Inc,3922 Leda St,Moreton Morrell,Warwickshire,CV35 9BX,01625-805645,vschellenberge@hotmail.com
c5ffc544-99cf-4aa4-aff3-c5b1ddf85b31,Carolann,Gross,Leem Company Inc,6352 Grosvenor St,Wombourne,Staffordshire,WV5 0LP,01470-609953,carolann@gross.co.uk
7e594000-a9a1-4b83-bac1-711dd9267c92,Rusty,Adelsperger,"Clarke, James H Esq",4313 Princes Park Terrace,Launceston,Cornwall,PL15 9QN,01467-172590,rusty.adelsperger@yahoo.com
53d57981-bbc3-469c-ba1c-34c9e1d7da37,Cassandra,Bludworth,Lykes Bros Inc,9 Sydney Place,Henllan Community,Conwy,LL16 5AF,01903-614855,cbludworth@yahoo.com
f3e5831b-986e-4936-b04f-7c01b7c26963,Teresita,Gesell,Mason Insurance Agency Inc,2015 Suburban Rd,Springfield Ward,Greater London,N16 6TD,01914-501391,teresita_gesell@hotmail.com
4d6d6ae2-e7bc-4035-b93b-70f4010c1bdf,Evangelina,Gius,J T Painting Corp,769 Euston St,Glastonbury,Somerset,BA6 8EY,01563-997671,evangelina.gius@yahoo.com
fe8fd509-8bef-4859-a3ba-99ee6725f392,Marlon,Tromblay,Solomon Metals Inc,46 Stevenson St,West End Ward,Dundee City,DD1 5EF,01919-394681,mtromblay@yahoo.com
89c4210f-74f3-42c4-9c14-f5ddaac889b0,Quiana,Scarsella,Looking Good,1400 Ash St,Thorpe Hamlet Ward,Norfolk,NR1 4HS,01446-936944,quiana_scarsella@hotmail.com
cec20ec5-7ef1-4515-8609-b6e94c1362e8,Viki,Humeniuk,Guldstrand Engineering Inc,8822 Trafalgar St,Yalding,Kent,ME18 6JE,01721-747819,vhumeniuk@gmail.com
3c9a7fd1-02b7-4297-8c13-555f66631389,Domitila,Weissmann,"Ciocia, James A Esq",28 Berwick St,Moordown Ward,Bournemouth,BH9 1TT,01606-833878,domitila@gmail.com
85ebe6f0-a48f-4c81-95f4-f0300a0b1d74,Ivan,Aronov,Center For Pediatrics,94 Regent St,Over Kellet,Lancashire,LA6 1DB,01478-392232,ivan@gmail.com
df207db0-5912-455d-a812-6593fcaaacb0,Anabel,Baldock,William A Geppert True Value,30 Marine Parade #1,Staina Ward,Lancashire,FY5 4FN,01994-675650,anabel_baldock@hotmail.com
5c8a1e41-42ff-4505-b521-a2dd81750ed6,Carlton,Blyler,Hardware Specialty Co Inc,8 Pim Hill St,Portobello,City of Edinburgh,EH15 2HW,01437-681317,carlton@blyler.co.uk
8e7526fa-4b6f-44e0-a7c8-d10ad3af221c,Rashida,Vera,Creative Consultants,8451 Bengel St,Brixham,Devon,TQ5 9JW,01286-317691,rashida@hotmail.com
18d21e3c-0167-453c-ac44-7b7d5780d944,Sherron,Knodel,Fhk Corp,159 Carlton St,Windle Ward,Merseyside,WA10 6QG,01481-744296,sherron@knodel.co.uk
d7c081d8-c0a2-4cdd-a0a9-a867e3b2fb08,Cora,Mossing,Regis Brd Pro Engrs & Land,38 Raffles St,Newmarket,Cambridgeshire,CB8 8QE,01285-381062,cora@yahoo.com
fc7970ab-0a99-43d5-9e78-23d335f9cb55,Altha,Tischner,Male Power Ltd,650 Goring St,Rainham South Ward,Kent,ME8 9PN,01373-594236,altha@hotmail.com
9e246c95-e32d-4bf6-a562-1ad914c75517,Dortha,Yaccarino,Atc Power Systems,6 Chestnut St,Gwersyllt Community,Wrexham,LL11 4RJ,01528-240870,dortha@hotmail.com
8d1c978f-b687-410a-87e0-cecf811391b8,Diego,Augle,Farmers Electric Co Op Inc,4 Peover St,Walcot Ward,Bath Avon,BA1 6EF,01275-397587,diego.augle@gmail.com
11dea008-25ac-4eba-a153-761139391baa,Peggy,Khov,"Goldberg, Stephen M Esq",328 Pallas St,Longford Ward,Greater Manchester,M32 8LJ,01619-237602,peggy.khov@gmail.com
95d9dfe9-e2c1-4637-bb5d-8df2335cf8e0,Walton,Yuki,Best Wstrn Host Mtr Htl Palm,9 Waltham Rd,Yealmpton,Devon,PL8 2NS,01872-808403,wyuki@gmail.com
5b12a772-a74f-4ffb-99a7-356d3e7feea8,Vallie,Yafaie,Micro Lan,352 Strathmore Rd,Shiphay-with-the-Willows Ward,Devon,TQ2 7JB,01251-120872,vyafaie@hotmail.com
1fda38ba-2c9c-48eb-b6c8-7e9a80063abb,Tony,Diazdeleon,Dilling Harris Inc,529 Llanrwst St,Southam,Gloucestershire,GL52 8TW,01765-102036,tony@gmail.com
98a2db3e-6b1b-4002-b147-9ba15505f6fe,Val,Villot,Horizon Air Magazine,1980 Tynemouth St,Almond Ward,West Lothian,EH52 5PY,01375-870188,val@yahoo.com
9d82268e-e8b0-4bc6-a292-01160df0a8cb,Mel,Picciuto,Avante Limited,8598 Rumney Rd,Hylands Ward,Essex,RM11 1QL,01885-270480,mel.picciuto@gmail.com
7cc4282f-d243-45fe-9446-78864b196b7d,Isabella,Piatkowski,"Miller, William E Iii",9283 Ruth St #81,Dormers Wells Ward,Greater London,UB1 2FH,01979-186995,isabella_piatkowski@piatkowski.co.uk
b543b671-f39a-426c-8807-6ea3a86b9bb9,Erasmo,Rhea,Martin Morrissey,5544 Sutherland St,Mortehoe,Devon,EX34 7DQ,01507-386397,erasmo_rhea@hotmail.com
4ebf3810-2f9d-44f8-a302-598a1ad63f99,Ivory,Lohrenz,Auto Body Color,9 Jackson St,Parr Ward,Merseyside,WA9 3QW,01876-642683,ivory@hotmail.com
84e1659e-d201-4494-84af-89b728dee46f,Nikita,Walka,"Fred, Anthony Esq",3612 Bixteth St,Hucknall North Ward,Nottinghamshire,NG15 8DD,01282-123434,nwalka@hotmail.com
7fa4e896-cd24-4fce-9321-c1a1261eb587,Aleta,Ligons,Advantage Bookkeeping,4545 Victoria Rd,Kilbirnie and Beith Ward,North Ayrshire,KA15 1AT,01952-535977,aleta_ligons@hotmail.com
3b562032-a61c-4ed4-9dbd-a8f27cee5fea,Owen,Jentzen,Capital Fasteners Inc,5 Hampden St,Liscard Ward,Merseyside,CH45 4RN,01467-142439,owen_jentzen@jentzen.co.uk
1839e7e9-8707-4ceb-b568-aafafb74bd8c,Pauline,Fling,Cumberland Vacuum Products,6452 Pilgrim St #5,Seven Sisters Ward,Greater London,N15 6TH,01990-476494,pfling@fling.co.uk
b02a0bca-ac3c-49b6-8879-66536f8546af,Tijuana,Machalek,"Schwartz, Thomas E Esq",1149 Highfield Rd #996,Fareham South Ward,Hampshire,PO14 9JJ,01242-532395,tijuana.machalek@gmail.com
8ea20b53-69d8-45c3-9c92-33c26638abb5,Ahmad,Alsaqri,Alliance Construction Co Inc,21 Pickwick St,Sutton cum Duckmanton,Derbyshire,S44 5DS,01567-555570,ahmad.alsaqri@yahoo.com
c5741a9b-2bc2-41d1-b990-3c8ec6242902,Jamika,Conoly,"Keller, Raymond C",19 Soho St,Whitley Ward,Berkshire,RG1 9XH,01726-595316,jamika_conoly@conoly.co.uk
decb4b1d-9e53-4575-ac63-31fd08830997,Derrick,Dolloff,Proto Tek Manufacturing,236 Blantyre Rd,Everton Ward,Merseyside,L6 2EN,01982-734773,derrick_dolloff@gmail.com
f78081d2-d412-43fd-b4bb-077426989314,Jacquelyne,Reibman,Great Clips For Hair,70 Lilly Rd,Shirley Ward,Greater London,CR0 7PT,01846-581451,jacquelyne_reibman@yahoo.com
ce7c2a89-5e88-4c81-823e-52cd86755659,Zachary,Freeburger,Country Kitchen,58 Gloucester Rd,Holbrook,Derbyshire,DE56 0TX,01888-641397,zachary.freeburger@freeburger.co.uk
ca47b33c-d9a2-4400-a790-587ae2ef4ac1,Sophia,Gaucher,T C E Systems Inc,88 Upper Harrington St,North East Ward,North Lanarkshire,G69 8EL,01504-539114,sophia.gaucher@hotmail.com
68044894-afbe-4b97-a408-966ce365af3b,Isabelle,Kono,Rock Springs Petroleum Equip,4920 Fazakerley Rd,Plymstock Dunstone Ward,Devon,PL9 8RD,01552-682601,isabelle.kono@yahoo.com
4cf2bc9f-b3f9-4e69-a0ed-f4465e4eda90,Ronnie,Brigman,Howard Johnson,6 Morley St,Batchwood Ward,Hertfordshire,AL3 5JN,01943-754681,ronnie@brigman.co.uk
e683a24b-ea56-42ef-9d30-164a49eee0aa,Krystina,Schlabaugh,Harris Oldsmobile Inc,7316 Friar St,Salvington Ward,West Sussex,BN13 3FL,01441-846477,kschlabaugh@schlabaugh.co.uk
80e5ca56-e714-498b-8087-4e084934d012,Rosita,Ausdemore,"Jurdem, Scott Esq",8 Heathfield St #657,Hailsham,East Sussex,BN27 1AJ,01273-236188,rausdemore@hotmail.com
645d8f7f-b765-4ce8-a6c7-e419efc6de5d,Huey,Stancil,Lindner Funds,275 Peel Sq,Park Ward,North Eart Lincolnshire,DN32 0PT,01502-139578,hstancil@hotmail.com
01d07d1a-376e-410f-b46d-e5d821270a53,Elbert,Fiorino,"Donald, G Nelson Esq",726 Westmoreland Place,Ballochmyle Ward,East Ayrshire,KA5 6EL,01724-467889,elbert@hotmail.com
5ae0dec3-e6d2-42a8-8cca-c018fe4944ed,Pura,Manciel,Cia Inspection,7 Water St,Priory Heath Ward,Suffolk,IP3 9RB,01853-412588,pura.manciel@yahoo.com
c7883084-7348-47c3-8c7c-9638c9b0c0d1,Alesia,Katie,Nelsons Trmt & Pest Cntrl Co,4 Covent Garden,Farnworth Ward,Greater Manchester,BL4 7AF,01333-436799,alesia_katie@gmail.com
a85279ac-abc0-4679-9e0a-74bf0432a6bf,Avery,Veit,Plaza Gourmet Delicatessen,9166 Devon St #905,Knightsbridge and Belgravia Wa,Greater London,SW1W 8JY,01748-625058,avery@veit.co.uk
fe3f23ff-c789-4562-a46e-88b0f9aea351,Reid,Euresti,"Fitzgerald, Edward J",70 Foster St,Inverness Ness-Side Ward,Highland,IV2 6WT,01916-963261,reuresti@euresti.co.uk
1234f4cc-5468-4a6c-a1aa-bed2933846f2,Charlette,Brenning,Furey & Associates,714 Fonthill Rd,Darton West Ward,South Yorkshire,S75 5EJ,01888-152110,cbrenning@brenning.co.uk
6dcb28ea-ca80-4dad-ac9d-f7f297dbfb79,Celestina,Keeny,Bfg Federal Credit Union,9 Milton St,Consett North ED,County Durham,DH8 5LP,01877-379681,celestina_keeny@gmail.com
a0f894e4-74dc-4158-81f1-0214b069a1b7,Mi,Richan,Nelson Wright Haworth Golf Crs,6 Norwood Grove,Tanworth-in-Arden,Warwickshire,B94 5RZ,01451-785624,mi@hotmail.com
