Name,Surname,Company,Street,City,County,Postcode,Email,Phone
Aleshia,Tomkiewicz,Alan D Rosenburg Cpa Pc,14 Taylor St,St. Stephens Ward,Kent,CT2 7PP,atomkiewicz@hotmail.com,01835-703597
Evan,Zigomalas,Cap Gemini America,5 Binney St,Abbey Ward,Buckinghamshire,HP11 2AX,evan.zigomalas@gmail.com,01937-864715
France,Andrade,"Elliott, John W Esq",8 Moor Place,East Southbourne and Tuckton W,Bournemouth,BH6 3BE,france.andrade@hotmail.com,01347-368222
Ulysses,Mcwalters,"Mcmahan, Ben L",505 Exeter Rd,Hawerby cum Beesby,Lincolnshire,DN36 5RP,ulysses@hotmail.com,01912-771311
Tyisha,Veness,Champagne Room,5396 Forth Street,Greets Green and Lyng Ward,West Midlands,B70 9DT,tyisha.veness@hotmail.com,01547-429341
Eric,Rampy,"Thompson, Michael C Esq",9472 Lind St,Desborough,Northamptonshire,NN14 2GH,erampy@rampy.co.uk,01969-886290
Marg,Grasmick,Wrangle Hill Auto Auct & Slvg,7457 Cowl St #70,Bargate Ward,Southampton,SO14 3TY,marg@hotmail.com,01865-582516
Laquita,Hisaw,In Communications Inc,20 Gloucester Pl #96,Chirton Ward,Tyne & Wear,NE29 7AD,laquita@yahoo.com,01746-394243
Lura,Manzella,Bizerba Usa Inc,929 Augustine St,Staple Hill Ward,South Gloucestershire,BS16 4LL,lura@hotmail.com,01907-538509
Yuette,Klapec,Max Video,45 Bradfield St #166,Parwich,Derbyshire,DE6 1QN,yuette.klapec@klapec.co.uk,01903-649460
Fernanda,Writer,K & R Associates Inc,620 Northampton St,Wilmington,Kent,DA2 7PP,fernanda@writer.co.uk,01630-202053
Charlesetta,Erm,"Cain, John M Esq",5 Hygeia St,Loundsley Green Ward,Derbyshire,S40 4LY,charlesetta_erm@gmail.com,01276-816806
Corrinne,Jaret,Sound Vision Corp,2150 Morley St,Dee Ward,Dumfries and Galloway,DG8 7DE,corrinne_jaret@gmail.com,01625-932209
Niesha,Bruch,Rowley/hansell Petetin,24 Bolton St,"Broxburn, Uphall and Winchburg",West Lothian,EH52 5TL,niesha.bruch@yahoo.com,01874-856950
Rueben,Gastellum,Industrial Engineering Assocs,4 Forrest St,Weston-Super-Mare,North Somerset,BS23 3HG,rueben_gastellum@gastellum.co.uk,01976-755279
Michell,Throssell,Weiss Spirt & Guyer,89 Noon St,Carbrooke,Norfolk,IP25 6JQ,mthrossell@throssell.co.uk,01967-580851
Edgar,Kanne,"Crowan, Kenneth W Esq",99 Guthrie St,New Milton,Hampshire,BH25 5DF,edgar.kanne@yahoo.com,01326-532337
Dewitt,Julio,Rittenhouse Motor Co,7 Richmond St,Parkham,Devon,EX39 5DJ,dewitt.julio@hotmail.com,01253-528327
Charisse,Spinello,Modern Plastics Corp,9165 Primrose St,Darnall Ward,"Yorkshire, South",S4 7WN,charisse_spinello@spinello.co.uk,01719-831436
Mee,Lapinski,Galloway Electric Co Inc,9 Pengwern St,Marldon,Devon,TQ3 1SA,mee.lapinski@yahoo.com,01578-287816
Peter,Gutierres,Niagara Custombuilt Mfg Co,4410 Tarlton St,Prestatyn Community,Denbighshire,LL19 9EG,peter_gutierres@yahoo.com,01842-767201
Octavio,Salvadore,Practical Periphrals,6949 Bourne St,Lye and Stourbridge North Ward,West Midlands,DY5 2QP,octavio.salvadore@yahoo.com,01552-709248
Martha,Teplica,"Curtin, Patricia M Esq",148 Rembrandt St,Warlingham,Surrey,CR6 9SW,mteplica@teplica.co.uk,01677-684257
Tamesha,Veigel,"Wilhelm, James E Jr",2200 Nelson St #58,Newport,Isle of Wight,PO30 5AL,tveigel@veigel.co.uk,01217-342071
Tess,Sitra,Smart Signs,61 Rossett St,Chichester,West Sussex,PO19 1RH,tess_sitra@hotmail.com,01473-229124
Leonard,Kufner,Arctic Star Distributing Inc,41 Canning St,Steornabhagh a Deas Ward,Western Isles,HS1 2PZ,lkufner@kufner.co.uk,01230-623547
Svetlana,Tauras,"Lensbower, Gregory L Esq",8289 Cadogan St,South Ward,North Eart Lincolnshire,DN33 1AU,svetlana_tauras@tauras.co.uk,01781-827317
Pok,Molaison,Portal Metal Products,211 Hobart St,Newquay,Cornwall,TR7 1LS,pok@yahoo.com,01866-248660
Augustine,Growcock,"Lynema, Cliff Cpa",114 Falkland St #8845,Brimpton,Berkshire,RG7 4RF,augustine.growcock@growcock.co.uk,01541-802635
Karma,Quarto,J C S Machinery,1 Birkett St,Shard End Ward,West Midlands,B33 0NH,kquarto@gmail.com,01857-864722
Reed,Weisinger,"Berick, Joseph G Esq",5147 Blackstone St,Letchworth South West Ward,Hertfordshire,SG6 3LE,reed_weisinger@yahoo.com,01243-678286
German,Zelaya,Jackson & Heit Machine Co Inc,7 Shenstone St,Longhill Ward,"Yorkshire, East (North Humbers",HU8 9PZ,german@hotmail.com,01400-269033
Milly,Savidge,Bridgeway Plan For Health,129 Alexander Pope St,Franche Ward,Hereford and Worcester,DY11 9BW,milly@gmail.com,01702-725589
Luis,Ear,Wa Inst For Plcy Studies,2 Birchfield Rd,Whittington,Shropshire,SY11 4PH,luis@hotmail.com,01462-648669
Ciara,Cobbley,Wmgl 101.7 Fm,7523 Kempton Rd,Cockerton West Ward,Darlington,DL3 0JF,ciara_cobbley@hotmail.com,01235-647932
Alethea,Mould,"Hughlett, Henry T Jr",6305 Elstow St,Castle Ward,West Sussex,BN12 6PR,alethea@hotmail.com,01662-114247
Margurite,Loperfido,Penrose Place Pharmacy Inc,218 Greenbank Drive,Devizes,Wiltshire,SN10 3DU,mloperfido@gmail.com,01407-866759
Vernice,Sperazza,"Novak, Alan Paul Esq",8921 Forge St,Colnbrook with Poyle,Buckinghamshire,SL3 0PY,vernice@yahoo.com,01822-563044
Vicente,Rawicki,B & S Tool And Cutter Svc Inc,3060 St Ambrose Grove #261,Aldridge Central and South War,West Midlands,WS9 8UR,vicente_rawicki@hotmail.com,01327-770774
Craig,Cua,"Berry, John M Esq",8388 Bessemer St #5,East Putney Ward,Greater London,SW15 2RP,craig@hotmail.com,01483-418969
Jenise,Dulle,"Alden, Michael H Esq",87 Pownall Sq,Sawston,Cambridgeshire,CB22 3BB,jenise.dulle@hotmail.com,01709-854691
Marylin,Cornelison,Ernest E Heuer & Company Pc,39 Wye St,Wakefield North Ward,West Yorkshire,WF1 1DR,marylin_cornelison@yahoo.com,01609-882184
Marget,Gunst,"Frankel, Stephen",2732 Bostock St #1,St. Enoder,Cornwall,TR9 6NJ,mgunst@yahoo.com,01693-310794
Annett,Bunselmeyer,Guynes Design Inc,5562 Fairfield St #847,Ryde,Isle of Wight,PO33 1HH,abunselmeyer@hotmail.com,01891-702579
Kip,Turziano,General Appraisal Co,37 Meadow St,Laindon Park Ward,Essex,SS15 6LE,kip.turziano@yahoo.com,01850-347846
Melina,Orizabal,Sheraton Inn Ocean Front,3 Nevison St,Lymington and Pennington,Hampshire,SO41 1DL,melina@gmail.com,01420-307327
Tina,Clapham,Cooper Myers Y Co,5662 William Moult St,Aylesbury,Buckinghamshire,HP21 8PP,tclapham@gmail.com,01567-296442
Luisa,Devereux,Cash 4 Checks,3 North View #35,Burmantofts and Richmond Hill ,West Yorkshire,LS9 7JH,ldevereux@gmail.com,01607-269930
Pedro,Aschoff,Charlotte Chamber,135 Opie St,Howard Town Ward,Derbyshire,SK13 8BB,paschoff@yahoo.com,01386-981141
Carrol,Kunimitsu,Kisc 98 Kiss Fm,1 Askew St,Farnham,Surrey,GU9 9AS,carrol_kunimitsu@yahoo.com,01260-641258
Alba,Mosseri,"Schwartzbard, Gail L Esq",4 Burnall St,Beeston West Ward,Nottinghamshire,NG9 1AE,alba@gmail.com,01543-198690
Domonique,Sandlin,Marketing Horizons Inc,95 Denton St,Wollaton West Ward,Nottinghamshire,NG8 2NB,domonique@hotmail.com,01355-500797
Rory,Neufville,"Brady, Brad J Esq",5 Chadwick St #7,Llangeler Community,Ceredigion,SA44 5HF,rory_neufville@neufville.co.uk,01252-621329
Dustin,Klingaman,Welders Supply,67 Micawber St,Brockley Ward,Greater London,SE14 6RQ,dklingaman@gmail.com,01712-135466
Lyndia,Moonshower,Bomarko Inc,43 Williamson St #7995,Meads Ward,East Sussex,BN20 7HB,lyndia_moonshower@moonshower.co.uk,01469-300335
Jules,Hiltner,"Benitez, Brigida Esq",5 Howe St,"Broxburn, Uphall and Winchburg",West Lothian,EH52 6NF,jules@yahoo.com,01428-343825
Dong,Kopczynski,Kennedy Scales Inc,7 Cheapside #9,St. Ive,Cornwall,PL14 5PA,dkopczynski@kopczynski.co.uk,01770-129032
Justine,Salta,Barajas & Bustamante Archl,85 Bridgewater St,Shard End Ward,West Midlands,B34 7BP,justine_salta@yahoo.com,01689-253476
Chantay,Kamens,Brewster Wallcoverings Co,763 Parkfield Rd,Norton Canes,Staffordshire,WS11 9RH,ckamens@hotmail.com,01823-383806
Tequila,Chisum,Bohs Well Drilling Inc,662 Grove Park,Bulwell Ward,Nottinghamshire,NG6 8RG,tequila.chisum@chisum.co.uk,01835-634521
Maybelle,Consolazio,"Gavin, Lee W Esq",5410 Lawton St,Treorchy Community,Rhondda Cynon Taff,CF42 6PL,mconsolazio@yahoo.com,01383-647035
Margarett,Bairo,"Reid, Carleton B Esq",3 August Rd,Maybury and Sheerwater Ward,Surrey,GU21 5QL,margarett@gmail.com,01670-813697
Janessa,Noonon,"Canterbury, Christopher C",476 Starkie St,Westgate Ward,Gloucestershire,GL1 1QW,jnoonon@yahoo.com,01472-324699
Sol,Cowser,Omni Mandalay,6448 Tillard St,Conisbrough and Denaby Ward,South Yorkshire,DN12 4JF,sol@gmail.com,01412-528394
Louann,Smethers,Lba Savings Bank,3055 Creswick St,Newbold and Brownsover Ward,Warwickshire,CV21 1LN,louann@gmail.com,01670-234959
Lindsay,Yadao,"Lutz, Christopher T Esq",7 Jolliffe St,Middlewich,Cheshire,CW10 9GB,lindsay_yadao@yadao.co.uk,01947-566661
Malika,Hanton,Association Of Art Museum Dir,1175 Greig St,St. Marys Ward,Greater Manchester,M25 0ZN,malika@gmail.com,01532-497454
Stefany,Ferenz,L & L Sales Co Inc,636 Portland Place,Gresham Ward,Middlesbrough,TS1 4RG,stefany@hotmail.com,01743-977277
Abraham,Cratch,"Cavuto, John A",41 Benedict St,Aldborough Ward,Greater London,IG2 7QG,acratch@gmail.com,01599-245408
Giuseppe,Rohaley,Pacific Coast Packaging,62 Margaret St,Royal Hospital Ward,Greater London,SW3 4ND,giuseppe@yahoo.com,01345-400452
Kiera,Bassil,Storm Eye Institute,5152 Sophia St,Woodstock Ward,South Gloucestershire,BS15 8DS,kbassil@bassil.co.uk,01655-519837
Wendell,Rubano,Automation Engrg & Mfg Inc,1 Back Canning St,Dunblane and Bridge of Allan W,Stirling,FK9 4LD,wendell_rubano@hotmail.com,01837-530939
Stevie,Stifflemire,Packaging Corp Of America,9 Gradwell St,Kempshott Ward,Hampshire,RG22 5HA,stevie_stifflemire@stifflemire.co.uk,01262-808399
Yun,Paletta,"Goe, Douglas E Esq",9205 Upper Hill St,City and Hunslet Ward,West Yorkshire,LS1 5QE,yun_paletta@paletta.co.uk,01350-332706
Brittani,Thurm,Burgess Steel Products Corp,9 Horatio St,Ruckinge,Kent,TN26 2PN,bthurm@yahoo.com,01686-306597
Billy,Venus,Tipton & Hurst,61 Miriam St,Abbey Road Ward,Greater London,NW8 9BD,billy.venus@yahoo.com,01537-356648
Brynn,Elkan,A O Hardee & Son Inc,67 Pulford St,Prittlewell Ward,Essex,SS2 6NL,brynn@yahoo.com,01388-416867
Elroy,Piehler,"Jonson, Geo D Esq",821 Pembroke Place,Kirkby Stephen,Cumbria,CA17 4RZ,epiehler@piehler.co.uk,01589-654152
Anisha,Shulick,Dale Yoder Clu Life Hlth & Bus,3 Alder St,Eaton Park Ward,Stoke-on-Trent,ST2 9AW,ashulick@yahoo.com,01780-704167
Bettina,Kham,Council Of Cmnty Blood Ctrs,80 Morecambe St,Bishop Auckland,County Durham,DL14 6NG,bettina.kham@kham.co.uk,01355-192668
Velda,Mancilla,"Tremont, Michael A Esq",7866 Renshaw St #283,Falmouth,Cornwall,TR11 4QQ,velda_mancilla@mancilla.co.uk,01823-526645
Marta,Brace,"Trautman, Eileen Esq",658 Lake St,Malmesbury,Wiltshire,SN16 0XZ,marta.brace@brace.co.uk,01777-469402
Juan,Vanwyhe,Office Service Co,5382 Redfern St,West End Ward,Greater London,W1J 0QH,juan_vanwyhe@gmail.com,01961-642757
Lelia,Filion,Alphabetland Pre School Center,45 Bidder St #38,Town Ward,Greater London,EN1 3HT,lelia.filion@filion.co.uk,01367-136951
Una,Frankel,Shamrock Food Service,6766 Britton St #379,Crompton Ward,Greater Manchester,BL1 3EX,ufrankel@hotmail.com,01912-749219
Eva,Joulwan,Central Hrdwr & Elec Corp,7 Lear Rd,Stroud,Hampshire,GU32 3PQ,eva.joulwan@gmail.com,01779-720349
Mammie,Dormanen,Matt Parrott & Sons Co,2577 Toxteth St #5,Overton Ward,Lancashire,BB6 7UN,mammie_dormanen@hotmail.com,01527-579687
Jeannetta,Coolidge,Tiny Tots Originals Div,761 Cockerell St #1,Midway Ward,Derbyshire,DE11 0HE,jeannetta_coolidge@gmail.com,01927-790069
Elbert,Drawe,"Lovitch, Alan F",9 Cypress St,Washington East Ward,Tyne and Wear,NE38 9AQ,edrawe@drawe.co.uk,01753-784273
Lenny,Gazzola,Wise Industries,6 Romilly St,Walkergate Ward,Tyne and Wear,NE6 4YH,lenny.gazzola@yahoo.com,01312-233253
Mira,Alpheaus,East County Process,51 St Anne St #12,Stratfield Mortimer,Berkshire,RG7 3RA,mira.alpheaus@yahoo.com,01241-273991
Cathern,Ungar,Agopgee Enterprises Inc,823 Idris St,Selston,Nottinghamshire,NG16 5LG,cathern.ungar@ungar.co.uk,01898-134749
Malcom,Fleckles,L Winik & Associates Inc,8764 Nickleby St #877,Govan Ward,Glasgow City,G51 1BQ,malcom.fleckles@gmail.com,01478-110943
Monroe,Damato,"Rosati, Marc D Esq",5344 Bengel St #5,Millwall Ward,Greater London,E14 5DR,mdamato@damato.co.uk,01402-733903
Leota,Fletchen,Rust Evader Corp,8880 Great Howard St #7750,Sefton,Merseyside,L29 7WD,lfletchen@gmail.com,01358-446391
Berry,Gutoski,Budget Annex,9 Oakleigh,Lancing,West Sussex,BN15 9BN,berry@gmail.com,01448-211489
Meghan,Riherd,Kiqo Pure Gold Oldies 104 Fm,83 Denbigh St Bootle,St. Gluvias,Cornwall,TR3 7AZ,meghan@riherd.co.uk,01462-474800
Mike,Torner,Segall Majestic Inc,30 Aughton St,Hilton,Aberdeenshire,AB24 2RR,mike_torner@torner.co.uk,01240-600327
Elsa,Delisle,Taos Valley Resort Assn,260 Saxon St,Brooklands Ward,Greater Manchester,M33 4BP,elsa_delisle@gmail.com,01537-525550
Linwood,Rosenlof,Exhibit Crafts Inc,3 Pyramid St,Eccleston Ward,Merseyside,WA10 3BW,linwood.rosenlof@yahoo.com,01546-942059
Latosha,Alexy,"Laitinen, Stephen B Esq",37 Langham St #948,St. Georges Hill Ward,Surrey,KT13 0AZ,latosha@yahoo.com,01704-508066
Alexia,Meenan,Herr Foods Inc,94 Villars St,Launcells,Cornwall,EX23 9LG,alexia.meenan@meenan.co.uk,01560-328739
Graham,Stanwick,Tiburon Pen Chmbr Commrce Inc,73 Hawkstone St,Renfrew South & Gallowhill War,Dunbartonshire,G52 4YG,gstanwick@gmail.com,01860-191930
Elinore,Fulda,Agri Business Insurance Agency,123 Sussex St,Astley Bridge Ward,Greater Manchester,BL1 6PY,elinore.fulda@fulda.co.uk,01457-837447
Lisbeth,Creecy,"Gerstenfeld, Gerald F Esq",484 Barry St,Shiney Row Ward,County Durham,DH4 7RG,lcreecy@gmail.com,01931-620849
Eloisa,Faurote,"Mcdonald, Michael J Esq",7033 Micawber St,Bintree,Norfolk,NR20 5NQ,eloisa.faurote@hotmail.com,01337-695353
Shawana,Cantua,Best Western Riverview Inn,33 Vipond St,Woodhall Farm Ward,Hertfordshire,HP2 7JP,shawana@yahoo.com,01413-348876
Alyssa,Ansbro,"Berg, Michael D Esq",85 Hero St,Stanhope,County Durham,DL13 2TZ,alyssa_ansbro@gmail.com,01632-887825
Kyoko,Mcmillian,Nature Conservancy,77 Reading St #8,North Tawton,Devon,EX20 2TR,kyoko_mcmillian@gmail.com,01235-173362
Terry,Gauthier,"Walker, Susan S Esq",274 Altcar Ave,Catterick,North Yorkshire,DL10 7NU,tgauthier@yahoo.com,01555-550015
Sena,Langenbach,Alternative Collection Svc Inc,38 Avondale Rd #79,Kilmersdon,Somerset,BA3 5SJ,sena.langenbach@hotmail.com,01756-678490
Cristen,Nesset,"Johnson, Matthew E Esq",4679 Curzon St,Central Ward,Lancashire,BB5 0SJ,cnesset@nesset.co.uk,01354-864473
Lashawn,Ker,"Thornsjo, Dale O Esq",13 Nelson Rd,Filwood Ward,Bristol,BS4 1HT,lashawn.ker@gmail.com,01676-780022
Wade,Sovel,Manhattan Supply Co Deer Pk,2546 Hunter St,Central Buchan Ward,Aberdeenshire,AB53 6YD,wade@hotmail.com,01712-978062
Whitney,Tishler,Clifford Standifer & Mcdowell,77 Mason St #650,Smallbridge and Firgrove Ward,Greater Manchester,OL16 3AW,whitney@gmail.com,01224-605237
Deja,Conatser,Universal Case Co,94 Wakefield St,Lavenham,Suffolk,CO10 9PU,deja.conatser@hotmail.com,01378-234592
Earnestine,Casper,A O J Mfg Corp,529 Stalmine Rd #3680,Saffron Walden,Essex,CB11 4DJ,earnestine_casper@hotmail.com,01807-346103
Frankie,Marruffo,Paralegal Personnel,52 Morningside Rd #1,Cilybebyll Community,Neath Port Talbot,SA8 3HE,fmarruffo@gmail.com,01295-678319
Paola,Dease,Sunderland Publishing Co,94 Enid St,Birchington,Kent,CT7 9BG,pdease@gmail.com,01333-642646
Rodrigo,Hawkin,"Godfroy, William Esq",661 Great Crosshall St,Forth Ward,City of Edinburgh,EH5 2LR,rodrigo@hotmail.com,01936-611490
Luther,Alsman,Crossroads Travel Service Inc,227 Albert Terrace,Belvedere Ward,Greater London,DA17 6EF,luther@gmail.com,01536-639256
Casey,Dondero,Sarrail Lynch & Hall,464 Back Nile St #618,Acton Central Ward,Greater London,W3 6QJ,casey.dondero@hotmail.com,01728-100333
Ressie,Bontemps,Typesetters,42 Eastwood St,Walton Ward,Cambridgeshire,PE4 6HB,ressie_bontemps@bontemps.co.uk,01996-854517
Sean,Schurman,Cooper Electric Supply Co,2877 Grain St,Caversham Ward,Berkshire,RG4 5DE,sean.schurman@schurman.co.uk,01773-139510
Celestina,Pince,Mcallister & Murphy Pc,13 Stockdale St #779,Abingdon on Thames,Oxfordshire,OX14 5QH,cpince@pince.co.uk,01763-475078
Maira,Karas,"Blanton, Mary R Attorney",9 Cropper St,Northgate Ward,West Sussex,RH10 1YJ,maira.karas@yahoo.com,01582-839217
Beth,Barbone,Upper Deck Co,3 Gaskell St,Tynemouth Ward,Tyne and Wear,NE30 2NB,bbarbone@barbone.co.uk,01210-926114
Wei,Nobel,Victory Coating,5221 Royston St,Eccleshall,Staffordshire,ST21 6GA,wei_nobel@hotmail.com,01912-146880
Melissia,Slotemaker,Twining Nemia & Steflik,83 St Johns Lane #43,Linlithgow Ward,West Lothian,EH49 7LS,mslotemaker@gmail.com,01515-360513
Letha,Akey,Jeanettes Drapery & Upholstery,603 Pall Mall,Layton Ward,Lancashire,FY3 8ND,letha_akey@akey.co.uk,01694-424205
Isaac,Semrad,"Prugh, Pamela J Cpa",76 Dawber St #6,Blackheath Westcombe Ward,Greater London,SE3 7JY,isaac.semrad@semrad.co.uk,01939-738818
Kristine,Klipfel,"Neeley, Gregory W Esq",3380 Alexander St,Moulsham and Central Ward,Essex,CM1 9QQ,kristine.klipfel@yahoo.com,01710-435506
Odette,Moussette,Village Business Center,216 Lissant St #8,Great Dunmow,Essex,CM6 1DQ,odette_moussette@gmail.com,01712-248851
Hobert,Panfilov,"Carlin, Angela G Esq",92 Phythian St #614,Gweek,Cornwall,TR11 5RR,hobert@gmail.com,01245-353227
Isadora,Mchughes,Fan Shop,792 Queens Rd,Stretford Ward,Greater Manchester,M32 8LR,isadora.mchughes@mchughes.co.uk,01526-145485
Emily,Pogorelc,Mccartney Printing Services,5196 York St,Orsett Ward,Essex,SS17 8NS,emily.pogorelc@yahoo.com,01416-913482
Desire,Barresi,Greater Cinc Schl Empl Crdt Un,428 Kearsley St,Hatton,Warwickshire,CV35 7UA,desire@gmail.com,01819-701096
Rosalind,Stamps,"Haar, Allen F",8 Chestnut St,Barrowford,Lancashire,BB9 6EW,rosalind.stamps@stamps.co.uk,01918-999052
Vernell,Connley,Harmons,998 Roe St #6,Bellingham,Northumberland,NE48 2BX,vernell@hotmail.com,01954-363885
Micheline,Mathieson,Mail Boxes Etc,3 Copenhagen Rd,George St,Aberdeenshire,AB25 3UZ,micheline.mathieson@yahoo.com,01857-518738
Nathan,Outhouse,Grt Amercn Fed Svngs & Ln Assn,293 Vivian St,South Jesmond Ward,Tyne and Wear,NE2 1EY,nathan.outhouse@gmail.com,01555-702650
Allene,Burau,Allied Plastics,8 Barlow St #6,Barlow,Derbyshire,S18 7TH,allene.burau@hotmail.com,01731-825958
Julie,Sakshaug,Newton Clerk,5 Shakspeare St #66,St. Johns Ward,Hereford and Worcester,B61 8HD,julie@gmail.com,01225-180983
Francisca,Shuhi,"Thompson, Chesney Md",7 Carolina St,Bodmin,Cornwall,PL31 1QF,fshuhi@shuhi.co.uk,01345-878334
Marisha,Wilcoxon,Young Door Company,52 Trowbridge St,Knightsbridge and Belgravia Wa,Greater London,SW1X 9HB,marisha.wilcoxon@gmail.com,01257-461104
Telma,Maraia,Reliable Yard Service,25 Village St,Elgin City South Ward,Moray,IV30 1SB,telma@maraia.co.uk,01500-649863
Luke,Crete,M D & W Railway,4 Peach St #5112,Halstead,Kent,TN14 7EF,luke.crete@crete.co.uk,01375-820236
Hubert,Mias,Chuckmaster Co,3614 Old Hall St #604,Fawley,Hampshire,SO45 2PT,hubert.mias@gmail.com,01408-965643
Janella,Altobell,"Shannon, Paul V Esq",3768 Hey Green Rd,Hartshill,Warwickshire,CV10 0TH,jaltobell@hotmail.com,01746-505364
Angelo,Lavista,Computemp,97 Newlands St,Kensington and Fairfield Ward,Merseyside,L6 9DU,angelo.lavista@gmail.com,01544-247601
Tran,Mandiola,N Rockland Educl Fed Crdt Un,6226 Maitland St,West Bromwich Central Ward,West Midlands,B70 6DR,tran.mandiola@hotmail.com,01609-235350
Reynalda,Vanhooser,A All In One Construction,891 Crocus St,Rowley Ward,West Midlands,B65 8EZ,reynalda@vanhooser.co.uk,01951-872658
Salley,Rieger,Barnett Industries Inc,1 Segrave St,Sutton Trinity Ward,West Midlands,B75 6HJ,salley.rieger@gmail.com,01858-162078
Cheryll,Yurich,Blaineco Structural Movers,666 Moor Place,Shepway South Ward,Kent,ME15 8ST,cheryll_yurich@yurich.co.uk,01780-380120
Crista,Viengxay,Green Point Savings Bank,1554 Christopher St,Everton Ward,Merseyside,L6 1BG,crista@yahoo.com,01976-784016
Lino,Sutulovich,Sherpa Corp,55 Margaret Rd,Heaton Ward,"Yorkshire, West",BD9 4DA,lino.sutulovich@gmail.com,01316-590173
Galen,Wendorf,"Russell, Amelia Mosley Esq",8830 Antonio St,Gillingham North Ward,Kent,ME7 1DZ,galen.wendorf@wendorf.co.uk,01220-653456
Gilbert,Langarica,Inter American Press Assn,82 Sinclair St,Bangor Community,Gwynedd,LL57 1DW,gilbert.langarica@gmail.com,01455-565046
Whitney,Goossen,Eagle Newspapers,7568 Atlas St,Butterwick,Lincolnshire,PE22 0HY,whitney.goossen@hotmail.com,01255-383731
Socorro,Abrahams,Martin Morrissey,93 Clyde Rd #9,Deepdale Ward,Lancashire,PR1 6TN,socorro_abrahams@abrahams.co.uk,01311-567052
Mauricio,Flam,"Callender, William C Esq",18 Nimrod St,Walney North Ward,Cumbria,LA14 3SJ,mflam@gmail.com,01640-813748
Phillip,Aloi,"Duffield, Michael C",6 Cannock St,Scarcroft,West Yorkshire,LS14 3BW,paloi@hotmail.com,01490-898175
Gilberto,Erixon,Advanced Data Systems,2258 Benedict St,Penryn,Cornwall,TR10 8RP,gerixon@gmail.com,01582-161403
Thad,Puskarich,"Drubner, Norman S Esq",9302 Ismay St #6,Tenterden,Kent,TN30 6JP,thad_puskarich@puskarich.co.uk,01506-152661
Bambi,Favaron,Desktop Center,3347 Lawrence Rd #456,Haverstock Ward,Greater London,NW5 4EU,bambi.favaron@yahoo.com,01676-354943
Marshall,Kozikowski,Viking Lodge,47 Elwy St,Kilpatrick Ward,West Dunbart,G81 6RT,marshall@hotmail.com,01913-454226
Chery,Wiederin,"Rosenkrance, Brent",553 Picton Rd,Astley Mosley Common Ward,Greater Manchester,M29 7AA,cwiederin@yahoo.com,01274-659801
Eileen,Montecalvo,Holiday House Apts,9986 Cantsfield St,St. Peters Ward,Tyne and Wear,SR6 9SD,eileen@yahoo.com,01904-227024
Melita,Szpak,Or Draymen & Warehousemans,1 Sussex St,Cyfarthfa Community,Merthyr Tydfil,CF48 1AR,melita.szpak@szpak.co.uk,01431-484822
Ashley,Jessie,"Haney, Tom C Md",9548 Ogwen St #84,Baguley Ward,Greater Manchester,M23 9GB,ashley_jessie@jessie.co.uk,01740-739731
Laila,Fend,Burlington Co Library,57 St Georges Hill,Crawcrook and Greenside Ward,Tyne and Wear,NE40 4LJ,lfend@gmail.com,01550-206220
Bobbie,Guillereault,Geneva Woods Professional Ctr,385 Upper Hampton St #39,Southey Ward,South Yorkshire,S5 8LL,bguillereault@gmail.com,01496-781616
Dana,Paluszynski,Chile Pepper Magazine,6378 Lyell St #48,Trossachs and Teith Ward,Stirling,FK21 8TJ,dpaluszynski@paluszynski.co.uk,01847-224345
Freida,Newyear,"Flash, Elena Salerno Esq",675 Falstaff St #170,Chapel-en-le-Frith,Derbyshire,SK23 0QG,freida_newyear@yahoo.com,01773-691786
Val,Cellucci,Owensboro Brick & Tile,87 Pelops St,Kings Norton Ward,West Midlands,B38 8PL,vcellucci@yahoo.com,01387-155607
Horace,Knapp,Mouw & Celello Pc,5 Eyes St,Mid and Upper Nithsdale Ward,Dumfries and Galloway,DG4 6LF,horace.knapp@yahoo.com,01924-556297
Joana,Reinecke,Visiting Nur Assn Ctrl Jersey,2427 Olney St #7,Amersham,Buckinghamshire,HP6 6JH,jreinecke@reinecke.co.uk,01320-402522
Tiara,Schlichter,C C Industries,805 Westbank Rd,North Heywood Ward,Greater Manchester,OL10 2DU,tiara_schlichter@schlichter.co.uk,01270-562265
Dacia,Swaisgood,Nelson & Paulson Chartered,36 Cranmer St #4697,Little Hereford,Shropshire,SY8 4LE,dacia.swaisgood@swaisgood.co.uk,01984-926059
Myong,Babineaux,Capital Thrpy & Spts Medcn Inc,2 Kirkdale Rd,Canning Town North Ward,Greater London,E16 4NF,mbabineaux@babineaux.co.uk,01897-419567
Gene,Bleile,Sun Toledo Refinery Co,4687 Atherton St,Springfield Ward,West Midlands,B11 4HB,gene_bleile@bleile.co.uk,01257-354396
Kanisha,Difiora,"Mata, Mario A Esq",513 Bailey St,Bontnewydd Community,Gwynedd,LL54 7UP,kanisha@gmail.com,01770-697837
Ayesha,Moeder,Meredith Paving Corp,620 Old Leeds St,Sheviock,Cornwall,PL11 3DF,ayesha@gmail.com,01284-871485
Lanie,Smalarz,Philosophical Rsrch Scty Bkstr,5149 Maria Rd,Peterlee,County Durham,SR8 5RL,lanie.smalarz@yahoo.com,01218-415062
Jaleesa,Polintan,New Jersey Tanning Co Inc,8 Taylor St,Shrub End Ward,Essex,CO2 9LW,jpolintan@polintan.co.uk,01507-519053
Tamekia,Flotow,All County Inc,588 Venmore St,Twickenham Riverside Ward,Greater London,TW1 2QH,tamekia.flotow@hotmail.com,01794-317624
Ula,Otey,Mail Boxes Etc,1 Newby St,Coleshill,Warwickshire,B46 3LZ,ula@hotmail.com,01291-565542
Rosendo,Ratel,Elmark Graphics Inc,5588 Lake St #903,Crystal Palace Ward,Greater London,SE19 2TJ,rratel@yahoo.com,01404-343160
Timmy,Lintner,Interdependence Associates Inc,9112 Hardwick St,Bowes,County Durham,DL12 9JB,tlintner@hotmail.com,01651-232745
Zita,Speltz,Mmm Design Group,2395 Gloucester Pl,Halliwell Ward,Greater Manchester,BL1 6DS,zita_speltz@yahoo.com,01368-497445
Aleisha,Lemm,Pathe Cmptr Cntrl Systems Corp,341 Birchfield St,Wareham St. Martin,Dorset,BH16 6JJ,aleisha.lemm@gmail.com,01341-997268
Naomi,Lavezzo,Torrefazione Italia Inc,9854 Ranelagh Place,Finedon,Northamptonshire,NN9 5EN,naomi.lavezzo@yahoo.com,01469-888112
Aretha,Bowling,"Sawyer, Robert M Esq",8 Nova Scotia,Caerphilly Community,Caerphilly,CF83 3AF,aretha@hotmail.com,01816-462521
Mila,Figuera,U S Sapporo A Inc,72 Lime Place,Old Newton with Dagworth,Suffolk,IP14 4HG,mila_figuera@yahoo.com,01300-650262
Orville,Zuehl,"Teti, Louis N Esq",907 Denman St,Crowle and Ealand,North Lincolnshire,DN17 4EN,orville_zuehl@zuehl.co.uk,01998-694754
Gabriele,Geschke,Levy Security Consultants Ltd,5 Garfield St #9,Milton Regis Ward,Kent,ME10 2EJ,gabriele@geschke.co.uk,01404-425588
Kara,Jaquish,El Adobe Inn,345 Feltwell Rd,St. Michaels and Wicksteed War,Northamptonshire,NN15 6BB,kara@yahoo.com,01691-316298
Kenny,Lin,Mcmahan Mcmahan & Brinkley,1 Towson St,Howe of Fife and Tay Coast War,Fife,KY14 6AH,kenny@lin.co.uk,01753-900033
Vashti,Sugai,Accurate Engraving Co,4 Candia St #6,Shipston on Stour,Warwickshire,CV36 4HE,vashti@gmail.com,01311-723137
Jordan,Handsaker,Shirleys Print Shoppe,2 Cherry Lane,Strood South Ward,Kent,ME2 2NJ,jordan_handsaker@gmail.com,01793-443665
Carisa,Degenhardt,Schwend Signs,7 Britannia Ave #875,Newton-with-Clifton,Lancashire,PR4 3RQ,carisa.degenhardt@degenhardt.co.uk,01911-775929
Audrie,Danaher,K C Products Co,63 Brunswick Sq,Llanelli Rural Community,Carmarthenshire,SA15 5YN,adanaher@yahoo.com,01344-670413
Shaunna,Rodamis,Engelbrecht Ackerman & Hassman,5 Gainsborough Rd,Newington Ward,Greater London,SE1 6EH,shaunna.rodamis@yahoo.com,01658-509610
Coleen,Langer,Valley Prodn Ctr For Vid & Aud,745 Goodall St #9309,Much Wenlock,Shropshire,TF13 6HB,coleen.langer@hotmail.com,01956-525612
Katie,Choinski,Coastal Technologies,1267 Alderson Rd,Churchdown,Gloucestershire,GL3 2BA,katie@choinski.co.uk,01606-772920
Dannie,Brau,Goodfellow Agency,2 Gay St #3702,Werrington South Ward,Cambridgeshire,PE7 2QA,dbrau@brau.co.uk,01675-779811
Ashanti,Donn,Denticator,3409 Benns Gardens,Hollington Ward,East Sussex,TN38 9NE,adonn@yahoo.com,01352-599278
Madalyn,Dubberly,L & M Industrial Chemicals Inc,1 Lower Burlington St,Northfleet South Ward,Kent,DA11 8RN,madalyn.dubberly@gmail.com,01974-720949
Santos,Signore,"Gallagher, John J Esq",4706 Chapel Place #5993,Steyning,West Sussex,BN44 3DF,santos@gmail.com,01614-431131
Alyce,Flamino,"Sadowski, Jeffrey A",4 Mather St,Holbrook Ward,West Midlands,CV6 4BN,alyce@yahoo.com,01361-927368
Pearly,Ero,Rug Gallery,9960 Gilroy Rd,Woodhouse Ward,Greater London,N12 9JT,pero@hotmail.com,01329-374051
Cherrie,Nitschke,"Watson, Richard I Md",3 Burnall St,Keighley,West Yorkshire,BD20 6DA,cherrie_nitschke@yahoo.com,01373-498883
Maia,Shadd,Pigeon Falls State Bank,8 Bigham Rd,Deal,Kent,CT14 9QJ,maia_shadd@gmail.com,01950-708083
Edwin,Logghe,Joseph Victor & Son Inc,950 Gordon St,Heanor and Loscoe,Derbyshire,DE75 7FZ,edwin_logghe@hotmail.com,01366-667615
Leigha,Semenza,Unique Epoxy,784 Juno St #7653,North Horsham,West Sussex,RH12 4GW,lsemenza@yahoo.com,01406-216625
Walker,Seeger,Jim Dunnam Builder Inc,69 Chantrey St #90,Hickling,Norfolk,NR12 0YB,walker.seeger@yahoo.com,01245-616596
Nakita,Rodrigues,Richard Mulholland Prop Inc,4 Northbrook St #600,Edmonton Green Ward,Greater London,N18 2NF,nakita_rodrigues@gmail.com,01679-150583
Kattie,Ozane,"Page, Patricia A Esq",526 Liffey St #759,Westbury,Wiltshire,BA13 3QU,kozane@gmail.com,01322-491007
Lamar,Suite,T J Boyle & Associates,6301 Dorset Rd,Harefield Ward,Greater London,UB9 6LF,lsuite@yahoo.com,01716-613102
Juliana,Uken,Charles S Cavadini Cic,4 Summer Seat Bootle,Moulsecoomb and Bevendean Ward,Brighton and Hove,BN2 4TL,juliana.uken@yahoo.com,01962-844141
Chan,Loftin,Hydrick Law Offices,84 Walton Village,Horfield Ward,Bristol,BS7 0AX,chan@gmail.com,01507-583669
Delpha,Detamore,Bilar Tool & Die Inc,8 Tagus St #9814,Cleator Moor,Cumbria,CA25 5EF,delpha.detamore@yahoo.com,01322-480025
Floyd,Tivis,Sheplers Western Wear,770 Jamaica St,Penmaenmawr Community,Conwy,LL34 6BH,floyd_tivis@hotmail.com,01882-970809
Chantell,Besong,"Kelly, Mark C",11 Tetlow St,Parsons Green and Walham Ward,Greater London,SW6 4QP,chantell_besong@gmail.com,01607-329400
Martin,Fonua,Aviation Insurance Inc,7642 Ledward St,Cressington Ward,Merseyside,L19 0LN,mfonua@yahoo.com,01919-185409
Hyun,Erdman,"Hall, Ronald A",1432 Rutland Ave,Uckfield,East Sussex,TN22 9EF,hyun@gmail.com,01594-744010
Nada,Arey,Advanced Engineering Assocs,22 Harewood St #95,Acton Trussell and Bednall,Staffordshire,ST17 0RU,nada@hotmail.com,01576-627827
Elizabeth,Pata,"Hirsch, Henry L Esq",645 Lister Drive,Denwick,Northumberland,NE66 2LQ,elizabeth@gmail.com,01634-662999
Dominic,Washmuth,"Bremer, Duncan S Esq",8977 Old Leeds St #87,Beaminster,Dorset,DT8 3DR,dwashmuth@hotmail.com,01725-615270
Alise,Packebush,Wnc Forklift Inc,22 Delamore St,Hereford,Hereford and Worcester,HR1 2EA,alise.packebush@gmail.com,01266-695304
Flo,Bardsley,"Hancock, John J Esq",35 Walton Lane,Loughborough Ashby Ward,Leicestershire,LE11 4PF,flo.bardsley@hotmail.com,01983-847833
Bonita,Sandblom,Transbay Steel Corp,22 Kilshaw St,Wimbledon Park Ward,Greater London,SW19 7DT,bsandblom@gmail.com,01989-617161
Royal,Rush,"Severt, Todd D Esq",1 Argyle St,Hyde Werneth Ward,Greater Manchester,SK14 5AR,royal.rush@yahoo.com,01934-427282
Erasmo,Talentino,Active Air Systems,3 Garden Lane,Darton West Ward,South Yorkshire,S75 5JY,erasmo.talentino@hotmail.com,01492-454455
Mari,Smeby,A B E Doors & Windows,4309 Chisenhale St,Rock,Hereford and Worcester,DY14 9XQ,msmeby@gmail.com,01423-202676
Eleonora,Ventry,"Jackson, Donald M Esq",758 Woodhouse St,Soho Ward,West Midlands,B21 0UE,eleonora@gmail.com,01966-685595
Therese,Shiraki,Wuhf Fox 31,18 Ouse St,Oakridge and Castlefield Ward,Buckinghamshire,HP11 2PJ,tshiraki@gmail.com,01611-691262
Rodolfo,Scavuzzo,Gulf Atlantic Equipment Co Inc,5 Ruskin St,Irvine East Ward,North Ayrshire,KA11 2BP,rodolfo_scavuzzo@yahoo.com,01576-536794
Cruz,Fanelli,"Graham, John A Esq",4565 Blackstock St,Springfields and Trent Vale Wa,Stoke-on-Trent,ST4 5BW,cruz@hotmail.com,01710-616480
Arlyne,Dellinger,"Holzgrafe, Roger E Esq",8361 Cottenham St,Fawley,Hampshire,SO45 1QQ,arlyne.dellinger@yahoo.com,01907-958462
Edward,Strejan,Kaysers Nutrition Center,1267 Audley St,Ise Lodge Ward,Northamptonshire,NN15 5DB,edward_strejan@gmail.com,01242-422459
Christoper,Sheneman,"Jones, Brigham P Esq",845 Atherton St,Tatsfield,Kent,TN16 2AR,christoper@gmail.com,01455-958797
Melda,Colamarino,Proctor & Associates Co,150 Margaret Rd,Kings Hill,Kent,ME19 4DT,melda.colamarino@colamarino.co.uk,01879-572287
Margot,Peay,"Bork, Terry D Esq",9923 Dinorben St #4838,Childs Hill Ward,Greater London,NW11 8DY,margot.peay@yahoo.com,01925-895879
Gerald,Drozdenko,Diamond Cbnts Div Wht Cons Ind,186 Craven St #68,Little Ness,Shropshire,SY4 2JX,gdrozdenko@yahoo.com,01593-647422
Tomoko,Renno,Trico Prods Corp,5160 High St #38,Goldsmid Ward,Brighton and Hove,BN3 6EA,tomoko@renno.co.uk,01731-573285
Mendy,Wassmann,"Ruello, Joseph F",3833 Sidney Rd,Cherryfield Ward,Merseyside,L32 3XS,mendy.wassmann@wassmann.co.uk,01378-845450
Daryl,Hilcher,Petaluma Area Chamber Commrce,6267 Greenland St,Wakefield East Ward,West Yorkshire,WF1 4LW,dhilcher@hotmail.com,01391-238570
Ty,Feeback,Barnett Travel,14 Landseer Rd,Nith Ward,Dumfries and Galloway,DG1 9SY,tfeeback@gmail.com,01964-503521
King,Vanacore,Sdse Public Tv,30 Seville St,Meads Ward,East Sussex,BN20 7QU,king_vanacore@yahoo.com,01908-714833
Isidra,Varnado,Howland Machine Corp,79 Chelmsford St,Holywell Community,Flintshire,CH8 7UP,ivarnado@varnado.co.uk,01600-982590
Tonja,Driesenga,First Ozaukee Savings Bank,8 South John St,Lamport,Northamptonshire,NN6 9XW,tdriesenga@driesenga.co.uk,01683-204727
Shaquana,Featherston,General Truck Part & Equipment,50 Townsend St,Chadderton Central Ward,Greater Manchester,OL9 0NS,shaquana@hotmail.com,01641-726098
Gilberto,Feagins,"Finlay, Joseph B Jr",7643 Campbell St,Penge and Cator Ward,Greater London,BR3 1LT,gfeagins@gmail.com,01304-758732
Rex,Faehnle,"Hering, Glenn Z Esq",371 Oakleigh,Warminster,Wiltshire,BA12 8NR,rfaehnle@faehnle.co.uk,01955-496773
Adolph,Cunningham,"Moorhead, Bridget Klein Esq",9874 Oakfield Rd,Redhill Ward,Tyne and Wear,SR5 5PT,adolph_cunningham@hotmail.com,01731-429712
Queen,Leader,Ottumwa Glass Co,6 Princes St,East Kilbride West Ward,South Lanarkshire,G75 8YR,queen_leader@gmail.com,01567-846944
Rebbecca,Rufenacht,Ithaca Guitar Works Inc,4190 Seacombe St,Tiffield,Northamptonshire,NN12 8AA,rrufenacht@yahoo.com,01583-168158
Ardella,Goldrup,Bedford Books St Martins Prs,3145 Rhyl St,Londesborough,E Riding of Yorkshire,YO43 3QE,ardella.goldrup@goldrup.co.uk,01813-786468
Dallas,Miyashiro,Em Building Products Inc,4919 Lime Grove,Whitchurch Urban,Cheshire,SY13 4HB,dallas_miyashiro@miyashiro.co.uk,01356-551432
Vivan,Jenious,Mnpls Arprt Marriott,8 Carolina St,Northgate Ward,West Sussex,RH10 8EZ,vjenious@yahoo.com,01907-573672
Han,Dzledzic,Captain Copy,1592 Price St,Ponteland,Northumberland,NE20 9TF,han_dzledzic@hotmail.com,01532-163009
Emilio,Guitierrez,Register Printing Co,2 Weller St,Appleton Wiske,North Yorkshire,DL6 2AS,emilio_guitierrez@guitierrez.co.uk,01845-679016
Latia,Cos,Capitol Cadillac Company,18 Thomas St,Barnham,West Sussex,PO22 0JT,lcos@yahoo.com,01695-303367
Lilli,Cureau,A 1 Plumbers Supply,42 Hey Green Rd,Deepdale Ward,Lancashire,PR1 6TL,lilli@yahoo.com,01752-399931
Maryanne,Siske,"Levering, Charles B Esq",256 Vesuvius St #159,Stutton with Hazlewood,North Yorkshire,LS24 9UA,maryanne@hotmail.com,01455-447890
Eliz,Strimple,Karl May General Contractor,82 Denison St #2642,Holyrood Ward,Greater Manchester,M25 1JB,eliz@gmail.com,01699-467608
Laura,Gumaer,C Leasing Company,1779 Bird St,East Sheen Ward,Greater London,SW14 8JZ,laura_gumaer@gmail.com,01821-208235
Leanora,Respicio,Fire Protection Consultants,99 College St South #1,Byker Ward,Tyne and Wear,NE6 2RX,lrespicio@respicio.co.uk,01564-503370
Sherell,Pomarico,Kxlt Radio (k 108 Fm),29 Greenleaf St,Llangristiolus Community,Isle of Anglesey,LL62 5HD,spomarico@hotmail.com,01523-372834
Charlie,Isita,"Sotorrio, Rene A Esq",39 Hooton Place,"Neilston, Uplawmoor and Newton",East Renfrewshire,G78 3AB,charlie@isita.co.uk,01295-844061
Veronique,Nuckolls,Cinemax Cable Pay Tv Svce,198 Ranelagh Place,Central Buchan Ward,Aberdeenshire,AB43 6RD,vnuckolls@gmail.com,01632-762032
Antonio,Villamarin,Combs Sheetmetal,353 Standish St #8264,Little Parndon and Hare Street,Hertfordshire,CM20 2HT,antonio.villamarin@gmail.com,01559-403415
Louvenia,Kincannon,"Fineshriber, Marilyn Esq",87 Eldon Place,Read,Lancashire,BB12 7RY,lkincannon@kincannon.co.uk,01315-409372
Roxanne,Hedegore,"Wallace, Bruce R Esq",592 Catharine St,Blantyre Ward,South Lanarkshire,G72 0RZ,roxanne_hedegore@gmail.com,01317-299836
Eve,Hoffstot,Domestic Intrntl Techlgy Ltd,1661 Arrow St,Kirk Hammerton,York,YO26 8DA,eve.hoffstot@yahoo.com,01746-129962
Kenda,Koza,General Bindery Co Inc,7 Netley St,Custom House Ward,Greater London,E16 3DP,kkoza@koza.co.uk,01840-188852
Elden,Mercik,"Lee, Stan Dvm",7 St Edmonds Rd,Nonington,Kent,CT15 4HH,elden_mercik@mercik.co.uk,01539-784239
Kami,Ferre,"Chomsky, Charles Esq",6996 Wrenbury St,Foleshill Ward,West Midlands,CV6 5RS,kami@yahoo.com,01775-876516
Selene,Zeng,Dustbooks,2 Prince Rupert St,West Wickham Ward,Greater London,BR3 6SX,selene@yahoo.com,01741-833047
Deangelo,Rardon,Ric Lo Productions Ltd,9970 Clyde Rd,Woodham Ward,Surrey,KT15 3NW,deangelo_rardon@yahoo.com,01748-535438
Olen,Ailey,"Shohet, Grace C Esq",9 Fielding St,Wombourne,Staffordshire,WV5 0BB,olen@gmail.com,01654-865551
Lanie,Smarsh,Lbt,555 Ludlow St,Trowbridge,Wiltshire,BA14 9JB,lanie@yahoo.com,01973-841918
Lynna,Breheny,Wky Am 930 Stereo,1 James St #4,St. Andrews Ward,Fife,KY16 9EE,lynna@yahoo.com,01914-909214
Jody,Klitzing,Dan Dee Belt & Bag Co Inc,3 Byng St #524,Pinhoe Ward,Devon,EX1 3SF,jody_klitzing@hotmail.com,01822-390245
Antonio,Glasford,Saint Thomas Creations,425 Howley St,Gaer Community,Newport,NP20 3DE,antonio_glasford@glasford.co.uk,01463-409090
Merilyn,Scurci,New York C Liquidators Inc,4041 Virgil St,Headley,Surrey,KT18 6PZ,merilyn_scurci@hotmail.com,01770-233355
Elliott,Kins,John Noda A Law Ofc Lawrence E,32 High Park St #44,St. Margarets with St. Nichola,Norfolk,PE30 1QE,elliott@gmail.com,01727-926540
Leonie,Devereux,Mr Bar B Q Inc,88 Vernon St,Dunbar and East Linton Ward,East Lothian,EH42 1SJ,leonie_devereux@gmail.com,01515-840778
Eulah,Syrop,Atec,62 Euston St,Bunhill Ward,Greater London,EC1Y 8RT,eulah@syrop.co.uk,01666-133305
Marsha,Tarry,Allgood Industries,74 Medlock St,Chorlton Park Ward,Greater Manchester,M20 1JG,marsha.tarry@yahoo.com,01203-684728
Mignon,Luger,National Lime Association,80 Talbot St,Edgeley and Cheadle Heath Ward,Cheshire,SK3 9RD,mignon@gmail.com,01934-252795
Tu,Rivet,Gemini Hats & Accessories Inc,31 Buckingham Ave #3785,Cotham Ward,Bristol,BS6 5SR,tu_rivet@gmail.com,01578-744350
Adelle,Schantini,Creative Photography Inc,162 Grayson St,Greenlands Ward,Lancashire,FY2 0TD,adelle_schantini@yahoo.com,01624-595660
Douglass,Fonnesbeck,"Goodspeed, Paul E Esq",5 Webb St #8,Boothen and Oak Hill Ward,Stoke-on-Trent,ST4 1EB,douglass@fonnesbeck.co.uk,01305-958705
Evette,Mazierski,Consolidated Aluminum,8092 Firdale Rd,Stoneygate Ward,Leicester,LE5 5RE,emazierski@mazierski.co.uk,01277-740331
Geraldo,Okoren,Guadalajara Bar & Grille,68 Carno St,City and Hunslet Ward,West Yorkshire,LS10 1SJ,gokoren@okoren.co.uk,01374-376226
Clarinda,Pelayo,Tejas Loans,714 Moored St,Trelawnyd and Gwaenysgor Commu,Denbighshire,LL18 6DH,cpelayo@pelayo.co.uk,01902-887021
Reuben,Mccorrison,Kyes Tv Channel 5,545 North John St,Cobham and Downside Ward,Surrey,KT11 2HT,reuben.mccorrison@hotmail.com,01337-407282
Yen,Groody,Daily Advance,21 Pilgrim St,Leighton-Linslade,Bedfordshire,LU7 2NZ,ygroody@groody.co.uk,01882-911812
Tanja,Milne,Austin Periodical Services,9772 Teilo St,Hetton,Tyne and Wear,DH5 0PH,tanja.milne@yahoo.com,01584-615989
Jerlene,Holtgrewe,Granite Construction Co,33 Fonthill Rd,Hodge Hill Ward,West Midlands,B36 8JE,jholtgrewe@yahoo.com,01993-956208
Almeta,Keehner,"Hoolahan, Catherine G Esq",3 Ivyleigh,Loundsley Green Ward,Derbyshire,S40 4LW,akeehner@hotmail.com,01291-250423
Wilda,Brigham,Morelli Hoskins Ford,501 Sandon Terrace #200,Little Clacton,Essex,CO16 9LZ,wilda@brigham.co.uk,01950-109108
Remedios,Arlinghaus,"Miller, Martin M Esq",9 Duckenfield St,Aldbrough,E Riding of Yorkshire,HU11 4QA,remedios.arlinghaus@gmail.com,01536-498792
Margret,Alcazar,Advantage Title & Escrow Inc,5466 Sedley St,Coatbridge South Ward,North Lanarkshire,ML5 4LJ,margret@alcazar.co.uk,01626-590776
Denny,Casalenda,Ringo International Inc,75 Brewster St #453,Redlands Ward,Berkshire,RG1 5EX,dcasalenda@gmail.com,01349-134533
Carolynn,Atkison,Dorval Trading Co Ltd,7901 Beech St,St. Helier Ward,Greater London,SM4 5PY,carolynn.atkison@hotmail.com,01815-665993
Amina,Goulbourne,Poag Grain Inc,684 Cotswold St,Victoria Ward,Greater London,E9 7NG,amina@yahoo.com,01536-114519
Janna,Przybyl,Southwest Ms Shopg Bag,5 April Rd #13,Wheatley Ward,South Yorkshire,DN1 2TU,jprzybyl@przybyl.co.uk,01684-628072
Emiko,Sayre,Scott Marlow Agency,8 Village St,Windlesham,Surrey,GU18 5YQ,emiko.sayre@yahoo.com,01660-135336
In,Muns,Nursefinders,7 Haddock St #34,Saint Annes on the Sea,Lancashire,FY8 3TF,in_muns@muns.co.uk,01574-363346
Eleni,Vanscoik,"Simpson, Fred B Esq",9 Mather St,Sutton Vesey Ward,West Midlands,B73 6HH,eleni_vanscoik@gmail.com,01208-373467
Kandis,Alsbury,Fast Cash,70 Rose Vale,Reydon,Suffolk,IP18 6PE,kalsbury@hotmail.com,01797-837270
Kina,Saltman,Mitchell Silliman Co Inc,29 Oregon St,Ruddington,Nottinghamshire,NG11 6JT,kina_saltman@gmail.com,01515-506025
Jacki,Sterback,"Praver, David L Esq",15 East Albert Rd,Kingston Bagpuize with Southmo,Oxfordshire,OX13 5AW,jacki.sterback@gmail.com,01820-396117
Fallon,Kerfoot,"Rotenstreich, H Andrew Esq",3186 Naylor St,Manor Castle Ward,South Yorkshire,S2 1HP,fallon.kerfoot@gmail.com,01538-649750
Precious,Brabble,Sigmacom Corporation,9 Herbert St #77,Shenley,Hertfordshire,WD7 9AQ,precious_brabble@brabble.co.uk,01687-288043
Glory,Ona,Real Isle Properties,9830 Croxteth Rd,Pontefract North Ward,West Yorkshire,WF8 3YR,glory_ona@gmail.com,01469-868357
Tamesha,Tyburski,"Liss, Amy Esq",1054 Gladys St,Bellshill Ward,North Lanarkshire,ML4 3EJ,tamesha.tyburski@gmail.com,01954-979729
Brande,Cutlip,Real Estate Appraisals Inc,921 Douro St #1520,Rhoose Community,Vale of Glamorgan,CF62 3HN,bcutlip@yahoo.com,01947-472569
Olene,Skubis,"Luby, Joseph K Esq",180 Frodsham St,Grovehill Ward,Hertfordshire,HP2 7BD,olene_skubis@yahoo.com,01250-453315
Carey,Marchetta,New River Tire Company Inc,7217 Edge Grove,Sharston Ward,Greater Manchester,M22 4ZB,cmarchetta@hotmail.com,01750-379103
Launa,Torez,"Farber, Mindy Esq",12 Gelling St,Trossachs and Teith Ward,Stirling,FK16 6DU,launa.torez@yahoo.com,01670-547878
Dominga,Whitrock,"Nohr, Katharine M Esq",763 Roscoe St,Lobley Hill and Bensham Ward,Tyne and Wear,NE11 0AN,dominga@whitrock.co.uk,01341-700830
Dwight,Belyea,Skuttle Mfg Co,419 St Andrew St,Tibberton,Hereford and Worcester,WR9 7NS,dbelyea@belyea.co.uk,01822-404490
Cornell,Mccrossin,"Cheek, John D Esq",623 Cornhill,Stretton,Staffordshire,DE13 0DH,cornell.mccrossin@mccrossin.co.uk,01608-748971
Alverta,Topete,National Catholic Reporter,328 Havelock St #61,Addlestone Bourneside Ward,Surrey,KT15 2NL,alverta.topete@gmail.com,01685-141932
Felicia,Claybrooks,Strescon Industries Inc,1056 College St South,Chester-le-Street North and Ea,County Durham,DH2 2JZ,felicia@claybrooks.co.uk,01722-395799
Carmen,Gillham,"Norda, Beth Dorsey Esq",11 Denison St #7,Orford Ward,Cheshire,WA2 9QB,carmen@hotmail.com,01692-491267
Ashlee,Beyl,Indiana Electronics Corp,30 Daulby St,Brympton,Somerset,BA20 2EJ,ashlee.beyl@hotmail.com,01832-837946
Vannessa,Land,Port Delivery Systems,201 Bran St,Ashford Common Ward,Surrey,TW15 2AJ,vannessa.land@yahoo.com,01206-207771
Patti,Rempel,"Meder, Randy F Cpa",1346 Vandyke St,Hove Park Ward,Brighton and Hove,BN3 6NS,patti@rempel.co.uk,01539-157435
German,Meyerhoff,S M Copiers,883 Howe St,Clayton-le-Moors Ward,Lancashire,BB5 5TJ,german@meyerhoff.co.uk,01790-887225
Anika,Marse,Milton Terry Associates,231 Wordsworth St,Harrow Weald Ward,Greater London,HA3 6TH,anika@marse.co.uk,01942-654793
Cristina,Marola,Pro Img Mktng & Pub Rel Inc,2449 Amberly St #6364,Temple Newsam Ward,West Yorkshire,LS15 0PQ,cmarola@gmail.com,01264-145506
Lemuel,Allis,Computer Security Cnslnts Inc,8430 Shadwell St,Great Barr with Yew Tree Ward,West Midlands,WS5 4SU,lemuel_allis@yahoo.com,01580-252868
Joaquin,Hysom,Sport Toyota,115 Lister Rd,Barnfield Ward,Lancashire,BB5 2EY,jhysom@gmail.com,01616-548910
Kerrie,Makuch,Kinkos Copies,7855 Sir Thomas St #7499,Calstock,Cornwall,PL17 8AR,kmakuch@gmail.com,01854-749084
Alaine,Raterman,Putnam Co Inc,1 Milton St,Little Missenden,Buckinghamshire,HP16 0DH,alaine@hotmail.com,01927-151413
Shannon,Kobayashi,Hungs,1111 Nesfield St,Tonge with the Haulgh Ward,Greater Manchester,BL2 2SU,shannon@yahoo.com,01620-435994
Corinne,Holman,Herculite Mason Supply Inc,1831 Richards St #8,Berkhamsted,Hertfordshire,HP4 2AF,corinne@holman.co.uk,01933-753592
Heidy,Hallford,New England Die Co Inc,8054 Low Hill,Prestbury,Gloucestershire,GL52 3BY,hhallford@hotmail.com,01958-748582
Marylyn,Shonerd,Barker Electronics,7252 Dansie St,East Finchley Ward,Greater London,N2 9JL,marylyn_shonerd@yahoo.com,01721-694690
Maryln,Mortenson,"Mullins, Glen Esq",76 Paulton St,Lancaster Gate Ward,Greater London,W2 3JT,maryln@gmail.com,01618-628525
Pearlie,Flori,Marine Safety International,4 Cochrane St,Iwade,Kent,ME9 8UJ,pearlie_flori@gmail.com,01235-935599
Nina,Yaklin,Ramm Metals Inc,5679 Gloucester Pl,Calton Ward,Dunbartonshire,G40 4BH,nyaklin@hotmail.com,01434-621318
Vivienne,Torrain,Finley Colmer & Co,45 Ledward St,Wilsden,West Yorkshire,BD15 0NJ,vivienne@hotmail.com,01782-100832
Jacob,Kippel,Acc Automation Inc,4 Monmouth Rd,Llwyn-y-Pia Community,Rhondda Cynon Taff,CF40 2JJ,jacob.kippel@yahoo.com,01550-463222
Tula,Nahmias,"Anstoetter, Mark D Esq",64 Croyland St,Clackmannanshire South Ward,Clackmannanshire,FK10 2LA,tnahmias@nahmias.co.uk,01846-815511
Berry,Scandalis,American Fine Foods Inc,4 Vivian St,Corporation Park Ward,Lancashire,BB2 6LB,berry.scandalis@gmail.com,01379-603039
Kaycee,Carsten,Dohn Law Offices Inc Ps,35 Dublin St,Cirencester,Gloucestershire,GL7 2EY,kaycee.carsten@gmail.com,01270-893129
Melvin,Setter,Rex Internatl,87 Pickup St,Franche Ward,Hereford and Worcester,DY10 2ZQ,melvin_setter@setter.co.uk,01401-151569
Brianne,Matsumura,Bender & Associates,7 Cottenham St,Mossend and Holytown Ward,North Lanarkshire,ML1 4TD,brianne@matsumura.co.uk,01519-417660
Eugene,Pelzer,Fashion Corner Inc,622 Holmes St,Heath Town Ward,Staffordshire,WV10 0AW,eugene_pelzer@gmail.com,01839-920108
Margery,Rohrs,C G Mccullough Insurance Agcy,40 Peters Lane,Long Preston,North Yorkshire,BD23 4NF,margery@hotmail.com,01634-340524
Noel,Sarra,Orkin Exterminating Co Inc,2 Cockburn St,Seaham,County Durham,SR7 0AR,nsarra@gmail.com,01868-736780
Beula,Lingo,Bauer Coatings,65 Oban Rd,St. Austell,Cornwall,PL25 5AH,beula_lingo@yahoo.com,01322-144392
Sheridan,Mckenize,Word & Image Workshop Inc,31 Davy St,Aveton Gifford,Devon,TQ7 4NF,sheridan.mckenize@hotmail.com,01512-765064
Dino,Meinert,Container Decorating Inc,80 Ellerslie Rd,Trotton with Chithurst,West Sussex,GU31 5JN,dino.meinert@yahoo.com,01802-634391
Rebbeca,Rubinstein,"Cullen, Jack J Esq",4 Sherwood St,Speke-Garston Ward,Merseyside,L24 6SH,rebbeca_rubinstein@hotmail.com,01708-724957
Celia,Reisling,Bridger Valley General Store,8362 Whithorn St,Leatherhead South Ward,Surrey,KT22 8AP,celia.reisling@hotmail.com,01309-159593
Stefania,Weatherwax,Robert Vance Ltd,25 Dale St #2,Kirkintilloch East and Twechar,East Dunbartonshire,G66 3LX,sweatherwax@yahoo.com,01698-705920
Leah,Luchterhand,Safeguard Chemical Corp,68 Scotland Place,Loughborough Hastings Ward,Leicestershire,LE11 2NX,leah@hotmail.com,01777-851028
Billy,Selma,Taylor Inn,338 Alfonso Rd,Alphington Ward,Devon,EX2 8LL,billy.selma@yahoo.com,01270-345115
Doug,Lucore,"Barr, Albert S Iii",65 Rankin St,Woodford cum Membris,Northamptonshire,NN11 3QR,dlucore@yahoo.com,01943-467489
Veronica,Mcclodden,Las Vegas Art Museum,8 Cookson St,Temple Newsam Ward,West Yorkshire,LS15 9EP,veronica@hotmail.com,01456-906658
Laquanda,Kho,Bayou Welding Works Inc,7 Lockhart St,Billesley Ward,West Midlands,B14 5HS,laquanda.kho@yahoo.com,01725-370369
Mohammad,Poitra,"Kenyon, William R Esq",363 Vandries St,Milton Ward,Essex,SS0 7TF,mpoitra@yahoo.com,01705-240007
Mozell,Westad,Fox Vision Center,8 Gertrude St,Mossley,Greater Manchester,OL5 0QJ,mozell.westad@westad.co.uk,01348-989703
Bronwyn,Bridgford,Edgemere Finance Company,826 Rumney Rd West #7,Dingwall and Seaforth Ward,Highland,IV15 9SD,bronwyn.bridgford@yahoo.com,01407-312329
Jeff,Brossoit,Jeh Construction Co,954 Madelaine St,Central Ward,Wiltshire,SN5 8WG,jeff.brossoit@yahoo.com,01593-501965
Shantay,Hopman,Smith & Dekay Ps,7602 Brook St #86,Broomhill Ward,Nottinghamshire,NG18 9SZ,shopman@hopman.co.uk,01516-850881
Chantay,Jirsa,Posey Company,966 Bower St,Frimley Green Ward,Surrey,GU16 9BB,chantay_jirsa@jirsa.co.uk,01721-910475
Keneth,Stpierrie,Mueller Repro Blue Printg,2 Seacombe St,Littleborough Lakeside Ward,Greater Manchester,OL15 0JP,keneth_stpierrie@hotmail.com,01919-731224
Alton,Rampy,Reliable Metalcraft Inc,83 Battenburg St,Girvan and South Carrick Ward,South Ayrshire,KA26 0DY,alton_rampy@gmail.com,01767-568989
Patrick,Teisberg,"Dworkin, Michael L",2 Whitefield Rd,Leigh-on-Sea,Essex,SS9 2DJ,patrick@hotmail.com,01842-131065
Theron,Merriam,"Percival, Mark R Esq",869 Luke St,Wonersh,Surrey,GU5 0QU,theron@merriam.co.uk,01655-809574
Pilar,Seelig,Demer Normann Smith Ltd,4 Ogwen St,Chichester,West Sussex,PO19 9PF,pilar@yahoo.com,01356-866584
Lashunda,Argiro,Kluza Associates,205 Forge St #4021,Stainburn,North Yorkshire,LS21 2LS,lashunda@yahoo.com,01422-728149
Verda,Chiphe,Ardrox,999 Upper Harrington St #61,Earlestown Ward,Merseyside,WA12 9WX,vchiphe@chiphe.co.uk,01754-426672
Ashley,Tropp,Everythings A Dollar,3 Greenleaf St #5644,Blyth,Northumberland,NE24 2RY,ashley.tropp@gmail.com,01951-324927
Vesta,Havely,Tool Service Company Inc,493 Wellington Rd,Upper Rawcliffe-with-Tarnacre,Lancashire,PR3 0UH,vhavely@havely.co.uk,01772-461124
Emogene,Ritthaler,Mcdonald Service Station,1257 Stone St,Northwood Ward,Greater London,HA6 1AN,emogene.ritthaler@yahoo.com,01681-212638
Shayne,Mordhorst,Don Allen & Associates Pa,1 Bousfield St,Shrewsbury,Shropshire,SY3 8NG,smordhorst@mordhorst.co.uk,01286-279043
Franchesca,Charry,"Cappello, A Barry Esq",59 Westminster Rd,Empress Ward,Hampshire,GU14 8AY,franchesca@gmail.com,01748-827176
Elmira,Ringlein,"Hyland, Richard S Esq",143 Clark St #802,Halliwell Ward,Greater Manchester,BL1 2PS,eringlein@gmail.com,01934-672498
Destiny,Madlem,Diesel Recon,421 Monument Place #44,Hartburn Ward,Stockton-on-Tees,TS21 1BA,destiny@yahoo.com,01421-624966
Gaston,Szumski,Red Giant Foods Inc,8 Gullett St,West Garioch Ward,Aberdeenshire,AB51 0HT,gaston.szumski@hotmail.com,01651-911453
Ronna,Mittler,Bethesda Gazette,2767 Pembroke St #979,Roundway,Wiltshire,SN10 3FQ,ronna_mittler@hotmail.com,01214-651738
Angelica,Poisso,Chemical Consultants,47 Orry St #8243,Castleford Central and Glassho,West Yorkshire,WF10 4DW,apoisso@gmail.com,01472-449327
Casie,Arzilli,Wenatchee Valley Fed Crdt Un,5 Noon St,Melton Dorian Ward,Leicestershire,LE13 0RG,casie@gmail.com,01289-195823
Magdalene,Cocherell,Southern Interiors Inc,510 Belvidere Rd,Patching Hall Ward,Essex,CM1 4BY,magdalene_cocherell@yahoo.com,01546-162965
Erasmo,Gath,Pan Optx,860 Rokeby St,Sunningdale,Berkshire,SL5 0AZ,egath@hotmail.com,01445-796544
Rosalia,Ziv,"Arias, Michele Ann Md",9362 Solomon St #97,Castle Ward,Northamptonshire,NN8 4DR,rosalia.ziv@ziv.co.uk,01414-349699
Lyda,Cronholm,Print Shop,916 Strand St #4753,Leek,Staffordshire,ST13 5AW,lyda.cronholm@cronholm.co.uk,01672-538356
Lisandra,Stueber,Wstu 1450 Am Radio Station,5 Bentinck St,Churchill Ward,Greater London,SW1V 3EW,lisandra_stueber@hotmail.com,01831-806301
Sabina,Prok,T J Ward & Associates Inc,954 Birchdale Rd,Aspley Ward,Nottinghamshire,NG8 5PY,sabina.prok@prok.co.uk,01932-112259
Elenore,Gomoran,Bell Service Systems Inc,7 Great Orford St,Callington,Cornwall,PL17 7DT,elenore_gomoran@yahoo.com,01470-383444
Brynn,Capra,Magic Valley Irrigation Supply,488 Mulberry St,Ravenshead,Nottinghamshire,NG15 9AE,brynn_capra@yahoo.com,01963-124789
Leeann,Flory,Fleetwood Area School District,1761 Johnstone St,Church Langley Ward,Essex,CM17 9TZ,leeann@gmail.com,01906-807997
Janet,Steimer,Alaska State Troopers,8899 Mere Lane,Midlothian West Ward,City of Edinburgh,EH20 9SJ,janet_steimer@hotmail.com,01506-627051
Lewis,Mellom,Lasting Impressions,6 St Hilda St,Central Ward,South Yorkshire,S1 1EQ,lewis@yahoo.com,01954-643657
Jestine,Driscol,Glass Express,2725 Underley St #6452,Grangemouth Ward,Falkirk,FK3 8UB,jestine_driscol@driscol.co.uk,01257-928278
Tatum,Parks,Quantum Consultants Inc,6061 Back Nile St,Rhos-on-Sea Community,Conwy,LL28 4NL,tparks@parks.co.uk,01567-457572
Kayleigh,Bendle,J A Associates,9735 Linton St #2284,Kingswells,Aberdeenshire,AB16 7RW,kayleigh.bendle@bendle.co.uk,01312-772111
Lili,Imondi,Ide Haigney & Radio,9 Herbert St,Blyth,Northumberland,NE24 3DQ,lili_imondi@hotmail.com,01600-986258
Sunshine,Senechal,"Dale, George F Esq",40 Cairo St,Warwick,Warwickshire,CV34 5LQ,sunshine.senechal@hotmail.com,01416-686933
Remona,Heier,M A C Insurance Agency,7199 St Clare Rd,Inverclyde South Ward,Inverclyde,PA16 7BT,remona.heier@heier.co.uk,01718-274321
Gail,Carris,Audrey M Borland Studios,6 Conyers St #3346,Hamilton South Ward,South Lanarkshire,ML3 7TE,gcarris@hotmail.com,01292-196869
Dong,Oropeza,"Mayo, Timothy L Esq",8657 Cedar St #2,Kinross-shire Ward,Perth and Kinross,KY13 8EQ,doropeza@hotmail.com,01573-788734
Larue,Ocacio,"Hollett, Byron P Esq",8 Jacob St,Daybrook Ward,Nottinghamshire,NG5 6JB,larue@yahoo.com,01577-443040
Goldie,Sonkens,Veri Nu Products Corp,6174 Botanic Pl,Ravensthorpe Ward,Cambridgeshire,PE3 7BJ,gsonkens@sonkens.co.uk,01867-720033
Shelia,Plues,"Schen, Sanford E Md",9730 Dunnet St,Silloth-on-Solway,Cumbria,CA7 4RB,shelia@gmail.com,01818-260618
Narcisa,Araiza,Danka Business Systems,8783 High St,Milton,Cambridgeshire,CB24 6ZR,naraiza@hotmail.com,01724-644767
Evelynn,Frede,"Hasselberg, Michael R Esq",8 Breckfield Road North,Seaham,County Durham,SR7 0AZ,evelynn.frede@gmail.com,01289-621482
Arlean,Calaf,Ed Miniat Inc,82 Waterhouse Lane,Llantrisant Community,Rhondda Cynon Taff,CF72 8LB,acalaf@yahoo.com,01448-395723
Tamra,Yu,Davis Commercial Contracting,2 Park Rd Walton #4338,Lansdown Ward,Gloucestershire,GL50 2LF,tamra.yu@hotmail.com,01891-816938
Dusti,Maricle,"Garton, Jeffrey P Esq",59 Charles St,Victoria Ward,Kent,TN23 4GF,dusti@gmail.com,01642-202972
Aracelis,Donham,Sm Toth Baldridge & Van Belkum,593 Kinglake St,Fowlmere,Cambridgeshire,SG8 7TP,aracelis.donham@hotmail.com,01924-111018
Filiberto,Fredrikson,Westoaks Glass,404 Aigburth St #4246,Audley Ward,Lancashire,BB1 2AA,filiberto_fredrikson@gmail.com,01559-323337
Leana,Stackpole,Direct Tools & Fasteners,690 Copenhagen Rd,Warham,Norfolk,NR23 1NJ,lstackpole@yahoo.com,01248-325090
Man,Homer,Applied Robotic Tech Inc,7 Canton St,Mildmay Ward,Greater London,N1 4RF,man.homer@gmail.com,01590-219449
Lennie,Asley,Air Tech Streamlining,79 Pine St,Radcliffe West Ward,Greater Manchester,M26 1GH,lennie_asley@gmail.com,01585-487560
Arletta,Naomi,E Zaks & Co,9 Lodwick St,City and Hunslet Ward,West Yorkshire,LS1 8HZ,arletta_naomi@naomi.co.uk,01255-805722
Chana,Perera,Olden Camera & Lens Co Inc,9 Ogwen St,Murdostoun Ward,North Lanarkshire,ML2 8LW,chana.perera@hotmail.com,01477-796750
Nell,Pao,"Madaus, Gerald F Jr",1730 Seymour St,Eastbrook Ward,Brighton and Hove,BN41 1QH,npao@gmail.com,01308-582144
Antonio,Heilig,Radisson Suite Hotel,35 Elton St #3,Ipplepen,Devon,TQ12 5LL,antonio.heilig@gmail.com,01324-171614
Gerald,Kernagis,Digital Solutions Inc,8 Hinton St #8241,Stowting,Kent,TN25 6BQ,gerald_kernagis@kernagis.co.uk,01504-620944
Sueann,Mandril,El Hispanic News,751 Stamford St,Werrington,Staffordshire,ST9 0AH,smandril@hotmail.com,01886-226100
Alayna,Hoyal,South Bldg Code Congres,70 Royal St,Banchory and Mid Deeside Ward,Aberdeenshire,AB31 4AH,alayna_hoyal@hotmail.com,01964-720542
Talia,Marthe,Kenney Mfg Co,5 Minerva St,Westbury,Wiltshire,BA13 3QR,talia.marthe@gmail.com,01711-170147
Pansy,Kopan,Oncor Inc,1 Northampton St,Madeley,Shropshire,TF7 4GA,pansy@kopan.co.uk,01674-842315
Royce,Saik,Best Western Caprock Inn,2 Maple Grove,Kincorth,Aberdeenshire,AB12 5EJ,royce@hotmail.com,01972-770618
Cherelle,Sorrel,"Wiltgen, Nancy A Esq",794 Hook St,Benwell and Scotswood Ward,Tyne and Wear,NE15 7JA,cherelle_sorrel@gmail.com,01753-327307
Dudley,Dibartolo,"Mcknight, H Vincent Jr",91 Ludlow St,Woodhouse Ward,Greater London,N12 0EF,dudley_dibartolo@yahoo.com,01997-409950
Nettie,Aldaco,Miller Searl & Fitch,51 Freehold St #224,Wheatley Ward,"Yorkshire, South",DN2 4PP,nettie.aldaco@yahoo.com,01388-974910
Carline,Bulcao,"Brenner, Steven G Esq",7 Hey Green Rd #4,Rothwell Ward,West Yorkshire,LS26 8XE,carline@yahoo.com,01885-707109
Shanda,Lunger,Western Packing Co,2476 Marsh St,Markhouse Ward,Greater London,E17 8NP,slunger@gmail.com,01329-303595
Emilio,Withers,Ardent Studios Inc,597 Threlfall St #72,Stokenham,Devon,TQ7 2HS,emilio_withers@yahoo.com,01523-697097
Lovetta,Study,Borton Petrini & Conron,1 Jervis St,High Barnet Ward,Greater London,EN5 4LH,lovetta@study.co.uk,01593-438141
Felice,Gone,A F Supl Co Div Automtc Firing,7602 Grantham St,Hexham,Northumberland,NE46 1QQ,felice.gone@hotmail.com,01691-816025
Stefania,Leadbeater,Murray Whisnant Architects,10 Carisbrooke St,Shorne,Kent,DA12 3ED,stefania_leadbeater@hotmail.com,01706-546951
Margarita,Orloski,1893 Shops,78 Pine Grove,Stannington Ward,South Yorkshire,S6 5HE,margarita_orloski@yahoo.com,01215-422453
Paul,Farrin,"Dering, James E Esq",7 Varthen St,Town Ward,Kent,DA1 2DL,paul.farrin@farrin.co.uk,01407-775572
Anglea,Tritten,Waltons Carson Gardens,8 Thomaston St,Astley Bridge Ward,Greater Manchester,BL1 8RG,anglea_tritten@hotmail.com,01818-292728
Ona,Bowhall,Cohen And Fromm Pc,527 Harding St,Market Rasen,Lincolnshire,LN8 3AD,ona@yahoo.com,01467-554624
Germaine,Hascall,Prg Company,1616 Menzies St #453,Tadworth and Walton Ward,Surrey,KT20 7PA,ghascall@hotmail.com,01366-388506
Vicky,Schellenberge,Medlab Environmental Test Inc,3922 Leda St,Moreton Morrell,Warwickshire,CV35 9BX,vschellenberge@hotmail.com,01625-805645
Carolann,Gross,Leem Company Inc,6352 Grosvenor St,Wombourne,Staffordshire,WV5 0LP,carolann@gross.co.uk,01470-609953
Rusty,Adelsperger,"Clarke, James H Esq",4313 Princes Park Terrace,Launceston,Cornwall,PL15 9QN,rusty.adelsperger@yahoo.com,01467-172590
Cassandra,Bludworth,Lykes Bros Inc,9 Sydney Place,Henllan Community,Conwy,LL16 5AF,cbludworth@yahoo.com,01903-614855
Teresita,Gesell,Mason Insurance Agency Inc,2015 Suburban Rd,Springfield Ward,Greater London,N16 6TD,teresita_gesell@hotmail.com,01914-501391
Evangelina,Gius,J T Painting Corp,769 Euston St,Glastonbury,Somerset,BA6 8EY,evangelina.gius@yahoo.com,01563-997671
Marlon,Tromblay,Solomon Metals Inc,46 Stevenson St,West End Ward,Dundee City,DD1 5EF,mtromblay@yahoo.com,01919-394681
Quiana,Scarsella,Looking Good,1400 Ash St,Thorpe Hamlet Ward,Norfolk,NR1 4HS,quiana_scarsella@hotmail.com,01446-936944
Viki,Humeniuk,Guldstrand Engineering Inc,8822 Trafalgar St,Yalding,Kent,ME18 6JE,vhumeniuk@gmail.com,01721-747819
Domitila,Weissmann,"Ciocia, James A Esq",28 Berwick St,Moordown Ward,Bournemouth,BH9 1TT,domitila@gmail.com,01606-833878
Ivan,Aronov,Center For Pediatrics,94 Regent St,Over Kellet,Lancashire,LA6 1DB,ivan@gmail.com,01478-392232
Anabel,Baldock,William A Geppert True Value,30 Marine Parade #1,Staina Ward,Lancashire,FY5 4FN,anabel_baldock@hotmail.com,01994-675650
Carlton,Blyler,Hardware Specialty Co Inc,8 Pim Hill St,Portobello,City of Edinburgh,EH15 2HW,carlton@blyler.co.uk,01437-681317
Rashida,Vera,Creative Consultants,8451 Bengel St,Brixham,Devon,TQ5 9JW,rashida@hotmail.com,01286-317691
Sherron,Knodel,Fhk Corp,159 Carlton St,Windle Ward,Merseyside,WA10 6QG,sherron@knodel.co.uk,01481-744296
Cora,Mossing,Regis Brd Pro Engrs & Land,38 Raffles St,Newmarket,Cambridgeshire,CB8 8QE,cora@yahoo.com,01285-381062
Altha,Tischner,Male Power Ltd,650 Goring St,Rainham South Ward,Kent,ME8 9PN,altha@hotmail.com,01373-594236
Dortha,Yaccarino,Atc Power Systems,6 Chestnut St,Gwersyllt Community,Wrexham,LL11 4RJ,dortha@hotmail.com,01528-240870
Diego,Augle,Farmers Electric Co Op Inc,4 Peover St,Walcot Ward,Bath Avon,BA1 6EF,diego.augle@gmail.com,01275-397587
Peggy,Khov,"Goldberg, Stephen M Esq",328 Pallas St,Longford Ward,Greater Manchester,M32 8LJ,peggy.khov@gmail.com,01619-237602
Walton,Yuki,Best Wstrn Host Mtr Htl Palm,9 Waltham Rd,Yealmpton,Devon,PL8 2NS,wyuki@gmail.com,01872-808403
Vallie,Yafaie,Micro Lan,352 Strathmore Rd,Shiphay-with-the-Willows Ward,Devon,TQ2 7JB,vyafaie@hotmail.com,01251-120872
Tony,Diazdeleon,Dilling Harris Inc,529 Llanrwst St,Southam,Gloucestershire,GL52 8TW,tony@gmail.com,01765-102036
Val,Villot,Horizon Air Magazine,1980 Tynemouth St,Almond Ward,West Lothian,EH52 5PY,val@yahoo.com,01375-870188
Mel,Picciuto,Avante Limited,8598 Rumney Rd,Hylands Ward,Essex,RM11 1QL,mel.picciuto@gmail.com,01885-270480
Isabella,Piatkowski,"Miller, William E Iii",9283 Ruth St #81,Dormers Wells Ward,Greater London,UB1 2FH,isabella_piatkowski@piatkowski.co.uk,01979-186995
Erasmo,Rhea,Martin Morrissey,5544 Sutherland St,Mortehoe,Devon,EX34 7DQ,erasmo_rhea@hotmail.com,01507-386397
Ivory,Lohrenz,Auto Body Color,9 Jackson St,Parr Ward,Merseyside,WA9 3QW,ivory@hotmail.com,01876-642683
Nikita,Walka,"Fred, Anthony Esq",3612 Bixteth St,Hucknall North Ward,Nottinghamshire,NG15 8DD,nwalka@hotmail.com,01282-123434
Aleta,Ligons,Advantage Bookkeeping,4545 Victoria Rd,Kilbirnie and Beith Ward,North Ayrshire,KA15 1AT,aleta_ligons@hotmail.com,01952-535977
Owen,Jentzen,Capital Fasteners Inc,5 Hampden St,Liscard Ward,Merseyside,CH45 4RN,owen_jentzen@jentzen.co.uk,01467-142439
Pauline,Fling,Cumberland Vacuum Products,6452 Pilgrim St #5,Seven Sisters Ward,Greater London,N15 6TH,pfling@fling.co.uk,01990-476494
Tijuana,Machalek,"Schwartz, Thomas E Esq",1149 Highfield Rd #996,Fareham South Ward,Hampshire,PO14 9JJ,tijuana.machalek@gmail.com,01242-532395
Ahmad,Alsaqri,Alliance Construction Co Inc,21 Pickwick St,Sutton cum Duckmanton,Derbyshire,S44 5DS,ahmad.alsaqri@yahoo.com,01567-555570
Jamika,Conoly,"Keller, Raymond C",19 Soho St,Whitley Ward,Berkshire,RG1 9XH,jamika_conoly@conoly.co.uk,01726-595316
Derrick,Dolloff,Proto Tek Manufacturing,236 Blantyre Rd,Everton Ward,Merseyside,L6 2EN,derrick_dolloff@gmail.com,01982-734773
Jacquelyne,Reibman,Great Clips For Hair,70 Lilly Rd,Shirley Ward,Greater London,CR0 7PT,jacquelyne_reibman@yahoo.com,01846-581451
Zachary,Freeburger,Country Kitchen,58 Gloucester Rd,Holbrook,Derbyshire,DE56 0TX,zachary.freeburger@freeburger.co.uk,01888-641397
Sophia,Gaucher,T C E Systems Inc,88 Upper Harrington St,North East Ward,North Lanarkshire,G69 8EL,sophia.gaucher@hotmail.com,01504-539114
Isabelle,Kono,Rock Springs Petroleum Equip,4920 Fazakerley Rd,Plymstock Dunstone Ward,Devon,PL9 8RD,isabelle.kono@yahoo.com,01552-682601
Ronnie,Brigman,Howard Johnson,6 Morley St,Batchwood Ward,Hertfordshire,AL3 5JN,ronnie@brigman.co.uk,01943-754681
Krystina,Schlabaugh,Harris Oldsmobile Inc,7316 Friar St,Salvington Ward,West Sussex,BN13 3FL,kschlabaugh@schlabaugh.co.uk,01441-846477
Rosita,Ausdemore,"Jurdem, Scott Esq",8 Heathfield St #657,Hailsham,East Sussex,BN27 1AJ,rausdemore@hotmail.com,01273-236188
Huey,Stancil,Lindner Funds,275 Peel Sq,Park Ward,North Eart Lincolnshire,DN32 0PT,hstancil@hotmail.com,01502-139578
Elbert,Fiorino,"Donald, G Nelson Esq",726 Westmoreland Place,Ballochmyle Ward,East Ayrshire,KA5 6EL,elbert@hotmail.com,01724-467889
Pura,Manciel,Cia Inspection,7 Water St,Priory Heath Ward,Suffolk,IP3 9RB,pura.manciel@yahoo.com,01853-412588
Alesia,Katie,Nelsons Trmt & Pest Cntrl Co,4 Covent Garden,Farnworth Ward,Greater Manchester,BL4 7AF,alesia_katie@gmail.com,01333-436799
Avery,Veit,Plaza Gourmet Delicatessen,9166 Devon St #905,Knightsbridge and Belgravia Wa,Greater London,SW1W 8JY,avery@veit.co.uk,01748-625058
Reid,Euresti,"Fitzgerald, Edward J",70 Foster St,Inverness Ness-Side Ward,Highland,IV2 6WT,reuresti@euresti.co.uk,01916-963261
Charlette,Brenning,Furey & Associates,714 Fonthill Rd,Darton West Ward,South Yorkshire,S75 5EJ,cbrenning@brenning.co.uk,01888-152110
Celestina,Keeny,Bfg Federal Credit Union,9 Milton St,Consett North ED,County Durham,DH8 5LP,celestina_keeny@gmail.com,01877-379681
Mi,Richan,Nelson Wright Haworth Golf Crs,6 Norwood Grove,Tanworth-in-Arden,Warwickshire,B94 5RZ,mi@hotmail.com,01451-785624
